feature,importance_f1,importance_f2,importance_f3,importance_f4,importance_f5,importance_mean,importance_relative
AdvantageP1,12.984345273191797,11.133500660762262,16.249209846567798,12.330314764631103,13.98717652106283,13.336909413243157,0.13336909413243192
agent1,4.511654445648227,4.672350790595984,4.382521428032727,4.888696150921652,4.927031666350685,4.676450896309856,0.04676450896309868
agent2,4.343105406615395,4.441650798875609,4.327223437804436,4.66061622348282,4.635492613718373,4.481617696099327,0.04481617696099339
Balance,4.589714785930263,3.6677896107966395,4.554214909424697,2.8599273980006026,3.5934524403862076,3.8530198289076822,0.038530198289076924
PlayoutsPerSecond,2.869434040594975,4.070717507265888,2.867292997843662,3.228776691870866,3.7007348086660166,3.3473912092482814,0.033473912092482905
agent1_selection,3.0753821871030964,2.5531208047432066,2.8041314995437,2.48541709571382,1.558820532244528,2.49537442386967,0.024953744238696767
GameTreeComplexity,1.7398945036212938,2.6941613796120176,2.3316788979069085,2.5149398391931683,1.7907977100580497,2.2142944660782873,0.022142944660782933
MovesPerSecond,1.440017393775795,1.8157695376776564,2.5918095224463804,2.1624533571074958,2.2743049612939,2.0568709544602455,0.02056870954460251
OutcomeUniformity,1.9338558800230228,1.8369172883771963,1.8410084619824454,2.0106423534876856,1.8045651237592912,1.8853978215259282,0.01885397821525933
DurationMoves,2.2555340289403483,1.8357935782124897,1.0015389713306255,1.9046835197947787,2.279557000030265,1.8554214196617018,0.01855421419661707
agent2_exploration_const,1.371937726235175,1.9121706591890053,1.8203933732839908,1.9168257970331233,1.858196187429839,1.7759047486342265,0.017759047486342314
agent1_playout,1.7806996817222909,1.7707145420178858,1.7150761062412188,1.7626901067925582,1.6219232843953664,1.7302207442338642,0.01730220744233869
agent2_selection,1.58306347771523,1.7601781214656111,1.5757220978242554,1.7635065300945298,1.638821127597411,1.6642582709394074,0.01664258270939412
agent2_playout,2.4275911150403595,1.9159327302622902,1.2113356555488348,1.394686467337782,1.1414695168498827,1.6182030970078298,0.01618203097007834
DurationTurnsNotTimeouts,1.6962886808690871,1.4705624588237618,1.5034962089843218,1.6021494699650798,1.6264266333401636,1.5797846903964827,0.01579784690396487
DrawFrequency,0.8481121103337802,0.9743882520576148,1.8710883265065072,0.8473843467686643,2.229088718281632,1.3540123507896396,0.013540123507896433
agent1_exploration_const,1.258144225113447,1.3766355676377942,1.1612292746195338,1.3400992895670334,1.572456810628202,1.341713033513202,0.013417130335132055
StateTreeComplexity,1.5827968674467752,1.7574336207514736,1.2433100243808792,1.0122976866903697,1.0313315814733526,1.3254339561485702,0.013254339561485737
DurationActions,2.356235858065879,1.1107872768883424,0.7260580643660179,0.8621937552718081,1.4622099696304953,1.3034969848445086,0.013034969848445122
DecisionMoves,0.9634365382862206,1.14527250671007,1.1707282737132403,1.4772668845563002,1.0219941628806586,1.155739673229298,0.01155739673229301
DurationTurnsStdDev,0.8633874562886588,1.1501160407410527,1.1734941466243252,0.8461280527614967,1.5178512824288253,1.1101953957688717,0.011101953957688747
BranchingFactorMedian,1.2600628488055583,1.2594964417663412,1.0465174272969127,0.8586894437276353,0.7710051378371283,1.0391542598867152,0.01039154259886718
DecisionFactorMedian,1.0305155333279834,0.9760533906085058,0.9656613656977631,0.6637956961592851,1.0310652871751922,0.9334182545937459,0.009334182545937484
DecisionFactorChangeAverage,0.8574454552602664,0.7303036862196439,0.9685460923829488,1.0385258917815408,0.9675133814739691,0.9124669014236739,0.009124669014236765
DurationTurns,0.6076524663675665,0.859435278021398,1.1939707817502125,1.1363120318604332,0.5673750708012386,0.8729491257601698,0.008729491257601722
BoardSitesOccupiedMaxIncrease,0.7333775446339419,0.6306028472749325,0.6823336988342346,1.1328740093187883,0.8272340152416661,0.8012844230607128,0.00801284423060715
AsymmetricForces,0.49083200194304644,0.44779079061841287,0.9986824594372073,1.1808977901155637,0.7711561793227878,0.7778718442874036,0.007778718442874057
BranchingFactorAverage,0.9784689189968367,0.7087915091412824,0.758517493644418,0.44549206670471614,0.8466823802830951,0.7475904737540697,0.007475904737540717
HopCaptureFrequency,0.6939206008679383,0.6362381666955669,0.6254346649313473,0.8328985354437204,0.4523167690391149,0.6481617473955374,0.006481617473955392
DecisionFactorVariance,0.6358811416782585,0.569384364307624,0.7285514653692028,0.7116543351155374,0.5629137809436234,0.6416770174828492,0.00641677017482851
BoardCoverageUsed,1.1445959777064658,0.5140337316312958,0.47918214105912726,0.5334822146214889,0.4382324049116853,0.6219052939860126,0.006219052939860143
BoardSitesOccupiedMaximum,0.49086954324901577,0.539803895805247,0.8665482728998904,0.4189194836937114,0.7676650039650526,0.6167612399225835,0.006167612399225851
PieceNumberVariance,0.4561502957737232,0.7948485640872439,0.7164744094087375,0.42722839709711063,0.5890313632421412,0.5967466059217913,0.0059674660592179294
PieceNumberMaximum,0.5966058226148719,0.5668126339486207,0.5077617556475671,0.718326074408072,0.5378351585142985,0.585468289026686,0.005854682890266876
PieceNumberAverage,1.0929407288698851,0.35250163380422567,0.4157448847950856,0.3900478973601751,0.6288685586589415,0.5760207406976626,0.0057602074069766415
BoardSitesOccupiedChangeSign,0.4883985617158166,0.6062956960034077,0.5110725308930861,0.41161336641120083,0.6846191077372781,0.5403998525521578,0.0054039985255215925
BoardCoverageFull,0.5224020265508741,1.2420097636648417,0.23021857634978718,0.34932665316336853,0.3161291233534737,0.532017228616469,0.0053201722861647045
GreaterThanOrEqual,1.0095301847342455,0.10598209681835291,0.6431911844811192,0.5599835334694138,0.33744438024426576,0.5312262759494795,0.005312262759494809
NumEdges,0.2558430202999325,1.4431275693766294,0.17661853916262604,0.47025768230367343,0.25246127799509566,0.5196616178275913,0.005196616178275927
PieceNumberMedian,0.452772373142303,0.7475117637905533,0.2858211136828837,0.6738738085800666,0.40504477485679613,0.5130047668105205,0.005130047668105219
BranchingFactorChangeMaxIncrease,0.40832700031697244,0.4051964429533161,0.4718800330037242,0.5985695014426804,0.6568883885357849,0.5081722732504956,0.00508172273250497
BranchingFactorChangeAverage,0.5590008784178898,0.39727703187144037,0.6122848427004844,0.34269279994334056,0.5359641143990095,0.48944393346643283,0.004894439334664342
BoardSitesOccupiedAverage,0.5296140491443843,0.5060778836576109,0.5325631647537229,0.49044557389935933,0.38488791923424137,0.4887177181378638,0.004887177181378651
FromToDecisionBetweenContainersFrequency,0.4428630490291097,0.36935405672017,0.9489563643836602,0.4192793097766051,0.21430897328275433,0.4789523506384599,0.004789523506384613
AsymmetricPiecesType,0.7943479008975536,0.16274810401683756,0.2723867298500504,0.7647764362028184,0.3316131042841957,0.46517445505029115,0.004651744550502924
StepDecisionToEmptyFrequency,0.35603869587548864,0.601077102318295,0.5412659334341752,0.21531007797262908,0.5973111806850084,0.46220059805711927,0.004622005980571205
BranchingFactorChangeMaxDecrease,0.4551306538340297,0.5982627119757881,0.3730621704484131,0.4077365669135496,0.4719175571206801,0.4612219320584921,0.0046122193205849335
BoardSitesOccupiedMedian,0.5910373904613425,0.4656309372279499,0.37726198671922884,0.38439110449840314,0.46327021309266414,0.45631832639991765,0.004563183263999189
BranchingFactorVariance,0.5818303933673734,0.5751501379861707,0.1748473494400517,0.33125443939424243,0.5852987257211572,0.44967620918179907,0.0044967620918180025
Asymmetric,0.5067221284734805,0.10029247540103783,0.3064082565585621,1.009437355692642,0.30518364724770086,0.4456087726746846,0.004456087726746858
DecisionFactorChangeSign,0.4076969571333273,0.4051564770355315,0.4780434015408455,0.5521622623278136,0.35400608027081887,0.43941303566166734,0.004394130356616685
DecisionFactorMaxIncrease,0.2617216441645005,0.40227229745977955,0.4583513780143869,0.4600385832739651,0.5132932942693686,0.41913543943640014,0.004191354394364012
NumOrthogonalDirections,0.4329181002622205,0.4863247227378275,0.35296488958158734,0.5407078720047902,0.26294720383803716,0.4151725576848925,0.004151725576848936
BoardSitesOccupiedMaxDecrease,0.5610436546357018,0.27044586206844345,0.3347794044501549,0.44191411966510663,0.4505512808004688,0.41174686432397517,0.004117468643239763
BranchingFactorMaximum,0.6765725198986836,0.21569301507764718,0.30260311070707685,0.2892907222188368,0.5360255543208751,0.40403698444462394,0.00404036984444625
NumOuterSites,0.9126475347181154,0.3078832606185385,0.34399001949242514,0.21699794499298564,0.15056611834555872,0.38641697563352473,0.0038641697563352576
NumVertices,0.11206328950897795,0.19964154670271175,0.19541868086942088,0.8303943345363471,0.5529498768753501,0.3780935456985616,0.003780935456985626
NumAdjacentDirections,0.3035832950591168,0.5222548955087898,0.37050674974613024,0.2376899711790295,0.4344270428445456,0.3736923908675224,0.0037369239086752336
NumPerimeterSites,0.08865609635451141,0.11369959268877332,0.016489865746879405,1.3432427913898966,0.2886120780007578,0.3701400848361637,0.0037014008483616466
NumCells,0.065330421159097,0.13542617756110195,0.6722006479678452,0.0749851220576723,0.8633407460885271,0.3622566229668487,0.0036225662296684967
DecisionFactorAverage,0.462447847212376,0.46396464902035617,0.15605765643933753,0.3555143776710244,0.3709866886171609,0.361794243792051,0.0036179424379205196
DecisionFactorChangeLineBestFit,0.19217734421867014,0.5744855970726739,0.3199551482447371,0.2809404893355547,0.4201013378661798,0.3575319833475631,0.0035753198334756405
DecisionFactorMaxDecrease,0.31328536757116454,0.324078529958791,0.3163724820509603,0.4125108898655918,0.35794717536656395,0.34483888896261433,0.003448388889626153
NumPlayableSitesOnBoard,0.6552662290155243,0.19036040712946037,0.3100419940980774,0.22478386507297135,0.3185984712781555,0.3398101933188378,0.0033981019331883874
HopDecisionEnemyToEmptyFrequency,0.31644837227691974,0.32625942992075313,0.30046607845217366,0.3468105403168114,0.27776201385260807,0.3135492869638532,0.0031354928696385406
NumStartComponentsHand,0.36699946101402836,0.2108263098677429,0.5112857708123782,0.10694861758828593,0.3397361965360506,0.3071592711636972,0.00307159271163698
BoardCoverageDefault,0.1673996298019663,0.46607129405763104,0.1695628418313973,0.5185327500218107,0.19218313002039875,0.3027499291466408,0.003027499291466416
BranchingFactorChangeSign,0.25973383021321156,0.3393493614116504,0.2606365085111032,0.3447503488288144,0.2885861729708103,0.29861124438711795,0.0029861124438711876
NumDirections,0.15343209752657247,0.27259230143882474,0.7760343991067226,0.112234682707523,0.177350099965651,0.29832871614905876,0.0029832871614905955
Subtraction,0.7756511718504314,0.02085726647429069,0.08938099531397185,0.12706945480490095,0.4284827840841934,0.2882883345055577,0.0028828833450555845
PieceNumberChangeLineBestFit,0.3014101278223665,0.2184104594456037,0.4143817057301244,0.30650484865360367,0.17409385752321532,0.2829601998349828,0.0028296019983498353
SetNextPlayerFrequency,0.32255519155953155,0.40410945618788463,0.2323129321619625,0.23087039709509516,0.18182076415224763,0.27433374823134427,0.0027433374823134502
AnimalComponent,0.14152058513129812,0.8179237393444887,0.010086368645727095,0.05729992592798773,0.31812886557335,0.2689918969245704,0.002689918969245711
DecisionFactorMaximum,0.2459787459496027,0.0639229597638938,0.28406511963623077,0.4874529448131983,0.2596440274051975,0.2682127595136246,0.0026821275951362535
NumPlayableSites,0.41284867924952007,0.2420729510565066,0.1792199166993554,0.34573312147988,0.1554777127306253,0.2670704762431775,0.002670704762431782
BoardSitesOccupiedVariance,0.35747886582667865,0.30495093738730233,0.22786783966179808,0.2365432148257226,0.20614391320534908,0.2665969541813702,0.002665969541813709
StepDecisionFrequency,0.30173864072405554,0.29448582007064567,0.19258237951925625,0.24619707007388353,0.24165927753746994,0.2553326375850622,0.0025533263758506287
NumDiagonalDirections,0.5767568887749905,0.25547477643182476,0.15648538316893915,0.11683741343647638,0.12423549685186168,0.24595799173281852,0.0024595799173281916
RemoveDecisionFrequency,0.2275912504625746,0.18542188533828324,0.1511146836328753,0.2965063569842837,0.34882097441427906,0.24189103016645913,0.0024189103016645976
NumRightSites,0.04415598206634587,0.39019204684974235,0.5644789824006151,0.10431727587764118,0.0762471377739695,0.23587828499366278,0.0023587828499366343
FromToDecisionEmptyFrequency,0.3151148876291484,0.14467674370857114,0.4613027176024896,0.12648877612522966,0.13054588201151401,0.23562580141539055,0.002356258014153912
PieceNumberChangeSign,0.3236691598332606,0.1894376018786881,0.23242053660230574,0.18314122356689597,0.21723222789274083,0.22918014995477826,0.0022918014995477885
EliminatePiecesWinFrequency,0.3156824392609395,0.2446438962643071,0.2585951212243161,0.17802490793465625,0.14833748097316446,0.22905676913147666,0.0022905676913147727
NumStartComponentsHandPerPlayer,0.21576276641307,0.2529980880990025,0.031904383123772424,0.20330105178045266,0.426658997348667,0.22612505735299293,0.0022612505735299356
BranchingFactorChangeLineBestFit,0.3137204480797983,0.19624904814447944,0.1505741166934418,0.22477979444597865,0.2124544576494174,0.21955557300262313,0.002195555730026237
DecisionFactorChangeNumTimes,0.14871129898027347,0.3056471522623616,0.1839203030023392,0.24743089364696777,0.207974796318949,0.2187368888421782,0.002187368888421788
HopCaptureMoreThanOneFrequency,0.28794147341967435,0.10038998723142842,0.32227016630112243,0.0741126542922708,0.2981235120481468,0.21656755865852856,0.0021656755865852913
LineWinFrequency,0.1804280649854665,0.1800378333921291,0.2538612119291886,0.2522447895402452,0.1901170001099976,0.2113377799914054,0.00211337779991406
RemoveEffectFrequency,0.12219969227026066,0.14289216035985905,0.2175018898940852,0.42793871337424316,0.07226006336082914,0.19655850385185542,0.0019655850385185596
PieceNumberChangeAverage,0.24722761823736403,0.1653886293344927,0.09712874229549959,0.27446355278325985,0.19393619965877348,0.19562894846187792,0.0019562894846187843
MoveAgainFrequency,0.22690935687156993,0.2114491860843623,0.2322899105690465,0.13785513635474048,0.16344685715511836,0.1943900894069675,0.0019439008940696802
Line,0.114585711604728,0.37718612181731154,0.08048877392697223,0.19239145933086757,0.20687970561555719,0.19430635445908728,0.0019430635445908781
NumColumns,0.1665154919736749,0.2409296546043644,0.1114269263225932,0.2880504982391002,0.16414561686728465,0.19421363760140348,0.0019421363760140401
PieceNumberMaxDecrease,0.1227507757593988,0.2871995058351843,0.17961605331559252,0.22576439853363398,0.10595580127592319,0.18425730694394654,0.0018425730694394704
NumStartComponentsPerPlayer,0.07435361000466201,0.16632971700396665,0.046217515596460625,0.3083179829273095,0.29070498214054774,0.1771847615345893,0.001771847615345898
agent1_score_bounds,0.19200083435388707,0.28114125344297586,0.10301465153105123,0.12394150181621845,0.18396716058161522,0.1768130803451496,0.0017681308034515006
MoveDistanceVariance,0.11921467197923048,0.3017626121037901,0.13194039482766684,0.12076037732768649,0.19268525563910327,0.17327266237549543,0.0017327266237549591
NumInnerSites,0.3744150636293573,0.07724227169954175,0.11385812548507677,0.1651707530249083,0.09531607329197564,0.16520045742617195,0.001652004574261724
EliminatePiecesEndFrequency,0.14066971646124168,0.18539750979553435,0.19308475419330415,0.2071682915913456,0.08702408013992959,0.16266887043627104,0.0016266887043627147
SpaceConditions,0.06545079307139426,0.27293064148421675,0.07142617781126596,0.30952336079577497,0.040504471589369664,0.1519670889504043,0.0015196708895040471
MoveDistanceChangeAverage,0.1464701803027655,0.17789050959355626,0.14727968671791902,0.11632496370131114,0.17146548305049938,0.15188616467321026,0.0015188616467321067
NumRows,0.1122750833134127,0.07481717104838681,0.39699113916258916,0.12456659210775092,0.04393285797500429,0.15051656872142877,0.0015051656872142917
NumStartComponentsBoardPerPlayer,0.16705335560531284,0.019448002504545654,0.18789628682398274,0.3566020899343797,0.0075766533779013726,0.14771527764922446,0.0014771527764922486
ReachEndFrequency,0.06600479009161697,0.13838629915051404,0.1725789472839262,0.16436317465526207,0.1946286219323677,0.1471923666227374,0.0014719236662273782
SetNextPlayer,0.06468320751729056,0.2742633554650882,0.1768871030859254,0.20116084570099993,0.017090896752842626,0.14681708170442934,0.0014681708170442974
NumCorners,0.18168318727604948,0.15950826599217868,0.15539782862271123,0.1475231195966109,0.07732457717177026,0.1442873957318641,0.001442873957318645
PassDecisionFrequency,0.16104938468527755,0.15830202444868782,0.15656212436657416,0.07730988007555355,0.15217998799877971,0.14108068031497456,0.0014108068031497493
StepDecisionToEnemyFrequency,0.03148161040711233,0.13654594836023487,0.0985079803416542,0.3278534592417437,0.07197142344526705,0.13327208435920243,0.001332720843592028
MorrisTiling,0.06318971502219092,0.13664755754713684,0.09924015089608178,0.1640488055121648,0.18873431118618,0.13037210803275087,0.0013037210803275123
MoveDistanceAverage,0.1597060567732976,0.1019549014158657,0.09030145307166419,0.1215120273645842,0.15511003622774638,0.12571689497063163,0.0012571689497063196
Comparison,0.02895201083066344,0.3021159008502079,0.06888306235572425,0.10758690728294242,0.09656236067156078,0.12082004839821976,0.0012082004839822009
ScoreDifferenceVariance,0.19676144900198703,0.047916349487956936,0.07262746075736355,0.04838527414282471,0.22923300056951465,0.11898470679192938,0.001189847067919297
LineEndFrequency,0.17986095725569717,0.10713831108742682,0.08874712435725891,0.05145667620025071,0.15728401881637663,0.11689741754340206,0.0011689741754340238
agent2_score_bounds,0.12179076007837814,0.20270784428833058,0.08900387930035318,0.0795928795504972,0.08776473893950819,0.11617202043141346,0.0011617202043141379
CustodialCaptureFrequency,0.04721834092946911,0.19152333823214152,0.10488297180043091,0.13295986727780418,0.09746740040070453,0.11481038372811006,0.0011481038372811038
ScoreDifferenceMaxIncrease,0.13694053652882787,0.128767231302149,0.09022296073822393,0.11092832865131624,0.09530161015597648,0.1124321334752987,0.00112432133475299
NumStartComponentsBoard,0.07443258847731812,0.1025517000432207,0.0730085004124944,0.26228784576450753,0.03373081968251127,0.10920229087601041,0.001092022908760107
SameLayerDirection,0.010352305188071464,0.03448561900201667,0.11321701695266595,0.22157948070755476,0.16413439590071863,0.1087537635502055,0.0010875376355020578
HopDecisionEnemyToEmpty,0.14489070638626017,0.14707087152314458,0.0004199823827019687,0.042993770207483746,0.20649232332103007,0.1083735307641241,0.001083735307641244
SlideDecisionToEnemyFrequency,0.07437490434116831,0.056140332513270136,0.014574405768490374,0.13530032535121178,0.2510415954676876,0.10628631268836566,0.0010628631268836594
HopDecisionFrequency,0.061905686914487855,0.2368623730502283,0.06169303321568998,0.029885440499420286,0.13567936112454237,0.10520517896087375,0.0010520517896087404
HopDecisionMoreThanOneFrequency,0.12630990818113205,0.057922308860062596,0.13596687812607608,0.10189888719063224,0.10012559017154464,0.10444471450588952,0.001044447145058898
SlideDecisionToEmptyFrequency,0.07559247730141398,0.1219707052887285,0.10444630595366912,0.09504626084369155,0.1240895457746175,0.10422905903242415,0.0010422905903242443
BoardSitesOccupiedChangeAverage,0.16093155768261858,0.08604206478932078,0.03528554999882024,0.08870756318060756,0.14789148016084422,0.10377164316244228,0.0010377164316244256
NumCentreSites,0.1322495866546693,0.07972289794211201,0.06067930769306622,0.14006485708903527,0.10100102086240378,0.10274353404825731,0.0010274353404825759
MoveDistanceMedian,0.0610995799363496,0.11851195475365282,0.10040557888275574,0.14760123893565963,0.08146007051367281,0.10181568460441812,0.0010181568460441838
NumPhasesBoard,0.1069990649629855,0.13184550137800097,0.15230812573133964,0.01840982254559365,0.09138610924316318,0.10018972477221659,0.0010018972477221686
SowWithEffect,0.0,0.1475088448274626,0.0,0.08630437884516294,0.2664436494929579,0.10005137463311668,0.0010005137463311696
ScoreDifferenceAverage,0.06872330371127955,0.16383003981475872,0.09422472982683519,0.09371666784287919,0.07878476180979291,0.09985590060110912,0.000998559006011094
NineMensMorrisBoard,0.08549845482461235,0.0930515563452528,0.09676840273844886,0.09030292622833835,0.13332132720082018,0.09978853346749451,0.000997885334674948
AddDecisionFrequency,0.07308897409597714,0.0695522843942647,0.10765338251164251,0.10853176131112716,0.1397926103199081,0.09972380252658393,0.000997238025265842
Conjunction,0.10471598611111894,0.06555137044834172,0.09083229511823335,0.08891448971724315,0.14359078138001266,0.09872098455498997,0.0009872098455499024
ScoreDifferenceChangeAverage,0.03206130023114579,0.12765647296082283,0.11871802670707197,0.12658999196237286,0.08715223827826611,0.09843560602793591,0.0009843560602793618
MoveDistanceMaxDecrease,0.09794393894775104,0.07393789365018935,0.05182636646878207,0.0673834790662557,0.1971527964756378,0.0976488949217232,0.0009764889492172346
Logic,0.06645397358551208,0.12813866468212445,0.043184364588880045,0.16795353276036162,0.07697827761219206,0.09654176264581406,0.0009654176264581432
NumPlayPhase,0.09604435155893101,0.09479821267502903,0.06492299732714849,0.08969766122885393,0.13367480363984885,0.09582760528596226,0.0009582760528596252
SurroundCaptureFrequency,0.07798672073083027,0.12420763237411703,0.14547159731890077,0.0008751578518877869,0.12440541280314879,0.09458930421577694,0.0009458930421577719
PieceCount,0.0,0.17201969916506762,0.03663573296170553,0.14740843232703682,0.11238463696880284,0.09368970028452257,0.0009368970028452283
NumLeftSites,0.04973531735911501,0.08554553787789483,0.038153417793733164,0.14813963072624492,0.14092894171048462,0.09250056909349451,0.0009250056909349476
TwoSitesMoves,0.04964831590949672,0.0780092453087018,0.13391841231973575,0.047544580465976614,0.1484914414333423,0.09152239908745063,0.0009152239908745088
SowCaptureFrequency,0.010310080393029518,0.13276476172457208,0.06808023109109342,0.13026826605785946,0.10460458071890943,0.08920558399709279,0.0008920558399709303
Equal,0.03531113054719152,0.07915042231748924,0.018987337330310317,0.24855603355872033,0.060924001492612095,0.0885857850492647,0.0008858578504926494
NumStartComponents,0.10256601158184973,0.06109084652751819,0.0675942274407501,0.11510719494166861,0.09561076162873541,0.08839380842410441,0.0008839380842410464
MoveDistanceChangeSign,0.06742850713835376,0.1456299274154678,0.040218159675285095,0.041795511750702945,0.14655999287613417,0.08832641977118875,0.00088326419771189
Set,0.03418350665326127,0.019662955451530288,0.06296871451938169,0.1660759972028655,0.13108172007585486,0.08279457878057872,0.0008279457878057894
NumComponentsType,0.0646798241661642,0.01248113022102541,0.1171212087723639,0.20668716951428506,0.012265953798150866,0.08264705729439789,0.0008264705729439812
Disjunction,0.01769703755536503,0.18951880556554368,0.12774972318190683,0.042408564562713864,0.02526434886026038,0.08052769594515795,0.0008052769594515816
NumBottomSites,0.061047183085635046,0.0385338828430053,0.09701898159356749,0.09461197736981734,0.10657546090008964,0.07955749715842296,0.0007955749715842318
ReplacementCaptureFrequency,0.019096210366625493,0.04665810569261112,0.14799107453707694,0.08812590709202472,0.09476507623947322,0.0793272747855623,0.0007932727478556251
SowRemoveFrequency,0.0548918513639601,0.11715521110180985,0.08264967264040149,0.0628190809970902,0.07594039792447829,0.07869124280554798,0.000786912428055482
ScoreDifferenceMaximum,0.03814491615077422,0.09170880862374862,0.10051059350479165,0.05855023974253166,0.10223745774444405,0.07823040315325804,0.0007823040315325825
FromToDecisionWithinBoardFrequency,0.050129155953481754,0.0794066090877541,0.08716021915947317,0.1086711681273446,0.06096998524731363,0.07726742751507346,0.0007726742751507366
AdjacentDirection,0.058282318242369284,0.00928609547366564,0.013119784708372812,0.17628090389549658,0.12327514998831465,0.07604885046164381,0.0007604885046164401
ScoreDifferenceChangeLineBestFit,0.18990215360757332,0.09682232401822537,0.01865272883516692,0.060852767474008564,0.01270350868603047,0.07578669652420093,0.0007578669652420114
SlideDecisionFrequency,0.05263870250837149,0.07927101872442713,0.040361073663192956,0.08529432149955835,0.1157917556349527,0.07467137440610053,0.0007467137440610073
SowFrequency,0.04489876206263966,0.12819789752458355,0.06454005413579793,0.10840857721720101,0.022042611012613927,0.07361758039056723,0.0007361758039056743
SowBacktrackingFrequency,0.03672919617945818,0.06836400757782883,0.1307419516157249,0.08663916166305775,0.039701579652231214,0.07243517933766017,0.0007243517933766036
BoardSitesOccupiedChangeLineBestFit,0.026280348693799725,0.06627394443013872,0.0964807757358763,0.1162129224721773,0.056895672007537895,0.07242873266790599,0.0007242873266790618
FromToDecisionFriendFrequency,0.06616747403534663,0.08184704483973405,0.04807703739047437,0.06175723628864668,0.10348334589017091,0.07226642768887452,0.0007226642768887472
Negation,0.15504596363591472,0.008871545178823416,0.00704479141490306,0.11571536524337897,0.06566335887863162,0.07046820487033036,0.0007046820487033055
NumTopSites,0.06036491492771593,0.06451803154495067,0.05725293943177703,0.0618192381032629,0.10075112907519154,0.0689412506165796,0.0006894125061657979
Completion,0.045887099295997616,0.09463118386902854,0.09741517715782619,0.05139154981300785,0.054479330330189826,0.06876086809321,0.0006876086809321019
Drawishness,0.052261150187693624,0.030899738608948905,0.0175121646510223,0.13531931807521033,0.10030441220234153,0.06725935674504334,0.0006725935674504352
NoMovesWinFrequency,0.046319366880727714,0.06769899653378086,0.06015319335237588,0.05479848023357044,0.10438703703485316,0.0666714148070616,0.0006667141480706177
NumConcaveCorners,0.03601800476645254,0.13101668803376884,0.07985725535141046,0.04093898337773411,0.04424273783514609,0.0664147338729024,0.0006641473387290259
ReachWinFrequency,0.0857605762202922,0.057703315901077475,0.053566479897929474,0.06234775426249023,0.07241022756244311,0.0663576707688465,0.0006635767076884668
Sow,0.22164048408798734,0.022548225098371205,0.0,0.019399934742290285,0.06283101859274695,0.06528393250427915,0.0006528393250427932
ConnectionEndFrequency,0.04333564443479688,0.10806207825164325,0.046753852676135445,0.01709074453110753,0.10876611267903515,0.06480168651454365,0.0006480168651454383
NumComponentsTypePerPlayer,0.08154724419621595,0.03339137406741188,0.18430645112662128,0.004310089278053939,0.006754809953589659,0.06206199372437854,0.000620619937243787
MoveDistanceChangeLineBestFit,0.06074944184983117,0.030925607349700172,0.0994000344303009,0.04624633017754967,0.06317173072176237,0.06009862890582886,0.0006009862890582902
OrthogonalDirection,0.021878372456969435,0.08262973722381894,0.05647073812799572,0.08415995400916396,0.05365673781424516,0.05975910792643865,0.0005975910792643881
PromotionEffectFrequency,0.08671549373982666,0.02704616267113638,0.07788148738462082,0.06101614618745935,0.03772288840423362,0.058076435677455365,0.0005807643567745552
MoveDistanceMaximum,0.04381091625396878,0.11480210327297662,0.03727893605908071,0.03965060639383421,0.054066031766269174,0.0579217187492259,0.0005792171874922606
Region,0.06211763025698981,0.062058023969080015,0.06066641688336825,0.04628252788336114,0.04935114809920722,0.05609514941840128,0.0005609514941840143
ConnectionWinFrequency,0.08475086805020655,0.05949456473400129,0.05382518729862595,0.020940844554687654,0.05841083803314287,0.05548446053413286,0.0005548446053413301
NumLayers,0.07695555334024543,0.017036341380918512,0.03745373723112382,0.06791031513264609,0.07782843820769633,0.055436877058526034,0.0005543687705852618
TriangleShape,0.07634865576341483,0.0460774127513861,0.06738818154440694,0.024869559393267265,0.0618536173026688,0.055307485351028786,0.0005530748535102893
SwapPlayersDecisionFrequency,0.07623160636434456,0.08020668730187387,0.0,0.09751112015826928,0.020402651401900403,0.05487041304527762,0.0005487041304527777
State,0.05584457878049494,0.10822388845863745,0.006726762322373372,0.04905745440051454,0.050759989085864474,0.05412253460957696,0.0005412253460957711
Symbols,0.019019926835752262,0.06893538280855166,0.08772783793068492,0.038945896674647304,0.05054846861419746,0.05303550257276672,0.0005303550257276686
MoveDistanceChangeNumTimes,0.06265692337414291,0.0340392772535443,0.04398467857085614,0.009954507856302116,0.10526400565617118,0.05117987854220333,0.0005117987854220346
CaptureEnd,0.027616907544129248,0.08983007300774705,0.029806165138943443,0.0404201556271445,0.06659617821245542,0.05085389590608393,0.0005085389590608407
MoveDistanceMaxIncrease,0.04608965594174227,0.05962514637632128,0.03437641890511147,0.05264953235987574,0.061410292118855625,0.05083020914038128,0.0005083020914038142
NumConvexCorners,0.04448958676589491,0.03887760850401455,0.05472404092494498,0.06716825240212183,0.04445172502417956,0.049942242724231166,0.000499422427242313
NoMovesEndFrequency,0.07436501528664677,0.03357625270011224,0.04531186716587912,0.04103703923036453,0.05439532061905147,0.04973709900041083,0.0004973709900041096
LeapDecisionToEmptyFrequency,0.003934497009261816,0.08196709542174242,0.023589401110760886,0.0647089060920534,0.07425095726307808,0.049690171379379325,0.0004969017137937946
PlayersWithDirections,0.060783283958173936,0.03213074275830287,0.03074793469352267,0.03105083339693356,0.08979851638850549,0.0489022622390877,0.0004890226223908784
MoveConditions,0.011838918741129785,0.03422488101616614,0.029528171374802438,0.09988963669370109,0.06630903109596932,0.048358127784353756,0.0004835812778435389
ScoreDifferenceChangeSign,0.069144302083042,0.015445108628117281,0.038233903035032255,0.08210205241743382,0.03582281833005083,0.048149636898735235,0.0004814963689873536
Union,0.06108475062544759,0.05413018475867531,0.029138317354952308,0.04957557381750604,0.04142125810323505,0.04707001693196326,0.0004707001693196339
AllDirections,0.016956967408743678,0.049841384775889605,0.05941677667955798,0.038498888609389936,0.07003734098096717,0.04695027169090967,0.000469502716909098
CheckmateWinFrequency,0.028393614129462296,0.054373685618260045,0.050835182226383877,0.06892989945144963,0.030832457084532635,0.0466729677020177,0.00046672967702017824
SowCW,0.01593082227618373,0.09276374551305772,0.0027790676335099763,0.11033284555739861,0.008511831938305467,0.0460636625836911,0.00046063662583691224
StepDecisionToFriendFrequency,0.026952498353022682,0.048025611868432155,0.06422365012204048,0.04050507447572538,0.05026479072820968,0.045994325109486076,0.000459943251094862
RollFrequency,0.04000171278204218,0.042320555066510515,0.022541019151147444,0.03829738731459821,0.08635698752195728,0.04590353236725113,0.0004590353236725125
ProposeDecisionFrequency,0.006338655191620521,0.011705513390722363,0.05942869557069631,0.061633196831170196,0.0880445590632001,0.0454301240094819,0.0004543012400948202
SurakartaStyle,0.0012403440702627654,0.013296138791593387,0.177158189278752,0.0256619808537521,0.0067147751471104645,0.04481428562829414,0.0004481428562829426
PromotionDecisionFrequency,0.0001134631244354209,0.05106001347539966,0.0995775124568697,0.011594017315137112,0.05644376597250642,0.04375775446886966,0.0004375775446886978
IsFriend,0.03987313066297598,0.047821210193435576,0.011093168398687674,0.1023416386024592,0.00458335899970866,0.04114250137145342,0.00041142501371453535
NoTargetPieceEndFrequency,0.033336523467579,0.046481927897299775,0.05874938798445935,0.0012929825663174916,0.06552928663414022,0.04107802170995917,0.00041078021709959277
LeapDecisionFrequency,0.027672944370027035,0.04515533121313384,0.07108087995764353,0.033445396300732635,0.025667592815191025,0.04060442893134561,0.0004060442893134572
GoStyle,0.027444566511802798,0.06584104096283135,0.039788121088933925,0.043158198027865836,0.026224146505682434,0.040491214619423274,0.00040491214619423386
PassEffect,0.06065453666768574,0.03265040915702047,0.07204314236966126,0.0,0.03640612789053301,0.0403508432169801,0.0004035084321698021
HopCapture,0.008713743189136432,0.08033288125096795,0.007800955189898321,0.0914687362062654,0.010740617944032154,0.03981138675606006,0.00039811386756060166
ControlFlowStatement,0.022572943185372035,0.02004234240191415,0.05805021723491135,0.004140227131725876,0.09387880873540641,0.039736907737865965,0.0003973690773786607
Cell,0.017364210753865673,0.060549660564059624,0.07841763270652118,0.031137397870395354,0.01041960345749593,0.03957770107046755,0.00039577701070467655
ScoringWinFrequency,0.021808136090399142,0.02000199687528615,0.08167087658123685,0.05993061572369775,0.013586889850296489,0.039399703024183275,0.0003939970302418338
Exponentiation,0.001955938632321838,0.04681130129295894,0.04387797646834064,0.030611035125095852,0.07185757427232128,0.03902276515820771,0.00039022765158207816
NoMovesDraw,0.00084278350832024,0.06542288278177984,0.04208859113488252,0.029875118226340286,0.0560921959389729,0.03886431431805916,0.00038864314318059264
NoMoves,0.031926111224788535,0.056595884225595416,0.020998775433678826,0.03539463431952857,0.0475168024782159,0.03848644153636145,0.0003848644153636156
CheckersComponent,0.04202157710238667,0.032072157831502184,0.05559203541022277,0.01900984337543337,0.0404341297999452,0.037825948703898035,0.0003782594870389814
PieceDirection,0.020497028046155115,0.020406460340845107,0.035762332191068856,0.0827192770198114,0.026266466216294658,0.03713031276283503,0.0003713031276283513
ScoreDifferenceMaxDecrease,0.013267848272250636,0.08299436946962832,0.020780599580131967,0.04264774893889986,0.024825856943979232,0.036903284640978,0.000369032846409781
AddEffectFrequency,0.03708996456403987,0.028819941741103645,0.03885901225148665,0.06575195644140941,0.010876734956200005,0.03627952199084792,0.00036279521990848016
Operations,0.00863448065632006,0.09678511221443459,0.01847455981499921,0.03953927803224062,0.015906773789567622,0.03586804090151242,0.00035868040901512516
ForEachPiece,0.03456831698187039,0.0008628039590572918,0.09560771913959869,0.04180675314497161,0.005370141185170243,0.035643146882133644,0.0003564314688213374
PatternWin,0.016503312629391986,0.0,0.06627753687912817,0.07094217291640939,0.01854662153177587,0.034453928791341085,0.0003445392879134118
SwapPlayersEffect,0.00238571560084343,0.011634515102205012,0.003854353467814966,0.007240750968109081,0.14429998382223375,0.03388306379224125,0.0003388306379224134
FromToDecisionEnemyFrequency,0.02115590319958468,0.03565496909119404,0.021800129585902998,0.044315976595030636,0.043914809112800705,0.03336835751690261,0.000333683575169027
PieceNumberMaxIncrease,0.027544442256647296,0.06071873618606958,0.019791773244847516,0.04136002532740136,0.015112940419032574,0.032905583486799665,0.0003290558348679975
TaflStyle,0.01969789023382853,0.06706857770911595,0.005066123394051796,0.03494296298438054,0.036149051966868594,0.032584921257649085,0.00032584921257649175
LesserThanOrEqual,0.04578455434399233,0.021028485697763992,0.034085803282401524,0.04295293363002563,0.018259521770317696,0.03242225974490024,0.0003242225974490033
SiteState,0.011177445562341012,0.12098448857796591,0.0006541696136511165,0.02544316861525495,0.002733654783412306,0.032198585430525055,0.00032198585430525143
BallComponent,0.023382818922960947,0.055875478392756577,0.0126787143507595,0.03584776583142918,0.03285269281209393,0.03212749406200003,0.0003212749406200012
ConditionalStatement,0.009746887992467168,0.004568468429185131,0.08934206593621612,0.015921950064097662,0.035765282578235885,0.03106893100004039,0.00031068931000040475
EliminatePiecesWin,0.016048260436769185,0.036681139589488945,0.05507511210133169,0.022727875624668246,0.02348516568294357,0.030803510687040327,0.0003080351068704041
NotEqual,0.03315520206166378,0.07777980970052654,0.012165027181663136,0.01658003954175348,0.013146303749109564,0.0305652764469433,0.00030565276446943384
AlquerqueTiling,0.039267689912839514,0.023265169485838927,0.011184828392794773,0.06199153098174035,0.01534914376228304,0.030211672507099323,0.00030211672507099403
CaptureSequenceFrequency,0.04744280388493077,0.01941213346718673,0.034533498913681196,0.02121757931593481,0.021126109482664066,0.028746425012879516,0.00028746425012879596
Arithmetic,0.02027391013330946,0.016747378655983153,0.011556637248493543,0.06552893984973299,0.02933370955488638,0.028688115088481105,0.0002868811508848118
PieceConditions,0.010723676989304065,0.07493747015344168,0.0031099234513348737,0.035110335555965246,0.018832240818329585,0.028542729393675092,0.00028542729393675166
SingleSiteMoves,0.0008264495008580072,0.0703472052639364,0.006720194616187378,0.011084892630289422,0.05360517494306144,0.02851678339086653,0.0002851678339086661
Timeouts,0.02592941628357358,0.013076324808659048,0.03807071237416782,0.04170666960046324,0.02172570294690414,0.02810176520275357,0.00028101765202753645
SowSkip,0.036729586203203206,0.03714246317923939,0.03502031755467233,0.008771423088348496,0.02193960963564221,0.027920679932221127,0.00027920679932221204
Distance,0.04557171518380471,0.003704186373653355,0.010833533610015562,0.06140426210731606,0.014517082734906601,0.027206156001939256,0.0002720615600193933
Trigger,0.04456331235383635,0.030670904315559765,0.027313249602149998,0.012649354252433052,0.018281491647437875,0.026695662434283406,0.0002669566243428348
DoLudeme,0.028883948626675628,0.02993184641426078,0.04135488866130226,0.007286833762202136,0.02594725563003128,0.026680954618894415,0.0002668095461889449
Then,0.01733766038424884,0.018067614707551985,0.04617746166091345,0.005174067623998281,0.04571244001940469,0.026493848879223448,0.0002649384887922352
Complement,0.008080179090206255,0.016124151839012623,0.034490145120488425,0.047629311208885285,0.025391244865067917,0.026343006424732102,0.00026343006424732175
PassDecision,0.012954100817934118,0.015008706038640946,0.05419727569567536,0.030883809187352514,0.01782600337870748,0.026173979023662086,0.00026173979023662156
NoPieceNext,0.022360954719248594,0.018637782274923118,0.013685960392143986,0.03153311503400043,0.04405565866651348,0.02605469421736592,0.0002605469421736599
HexShape,0.021291171128305607,0.024349764444719806,0.015515980171685156,0.01624463537885934,0.05213299624383801,0.025906909473481586,0.00025906909473481657
MancalaBoard,0.004808351021187421,0.005990192326268514,0.0,0.0,0.11838354280780693,0.025836417231052573,0.00025836417231052644
StepDecisionToEmpty,0.006091377917617177,0.11815753115528893,0.0018109573846434505,0.0020550652611620607,0.0,0.02562298634374232,0.0002562298634374239
ConcentricTiling,0.0006744900293813418,0.0023669371439234755,0.01705517690844164,0.01604791547067455,0.09041770084027545,0.025312444078539293,0.0002531244407853936
BoardSitesOccupiedChangeNumTimes,0.003113023790563239,0.04783534624414549,0.007473068259194293,0.05345396767074839,0.014604576962814343,0.02529599658549315,0.0002529599658549322
NoMovesMover,0.017073247761619965,0.009365212561538414,0.03499781306865005,0.039055394937886616,0.024373250019905437,0.024972983669920096,0.00024972983669920164
Phase,0.013948189108974855,0.015588508215954392,0.023013739029670337,0.042548360833371775,0.028227987647713372,0.024665356967136946,0.00024665356967137013
AlquerqueBoard,0.022939097953397436,0.019533738539634287,0.012026750878815719,0.05551050043510535,0.013189120204631708,0.0246398416023169,0.0002463984160231697
NoMovesEnd,0.02238550546910859,0.0329261128087059,0.04136296930460567,0.007671230557000292,0.01795543017040085,0.02446024966196426,0.00024460249661964326
Tiling,0.018967352730854613,0.00467492538925317,0.00627849948643105,0.002243449416235842,0.09012675920382292,0.02445819724531952,0.00024458197245319583
NoMovesLossFrequency,0.02801738282178925,0.022122626153359217,0.024461085676162633,0.01996566522616216,0.027368781994571094,0.024387108374408873,0.00024387108374408938
EliminatePiecesEnd,0.022718710940996572,0.05168306179972089,0.004630602586336397,0.03605082143323589,0.00628683302244558,0.024274005956547065,0.0002427400595654713
PlayerValue,0.012132418948234252,0.030648145726350898,0.060637937813064646,0.007074544569494061,0.010525669432118401,0.024203743297852454,0.0002420374329785252
Parity,0.06431538248883095,0.0054759863070369865,0.024611934008850173,0.0037973665445647877,0.022782775613039853,0.02419668899246455,0.00024196688992464613
PatternEndFrequency,0.03623000758541779,0.0,0.004423950595157739,0.021694954886004158,0.057983753853339474,0.024066533383983835,0.000240665333839839
SwapPiecesDecisionFrequency,0.023597547527187752,0.029612022452729387,0.032106333108023445,0.027000401815699397,0.006565106819266797,0.023776282344581352,0.00023776282344581417
IsEmpty,0.0010057134724524128,0.014721662719034374,0.04437306492151615,0.010758579666859875,0.047899695841126744,0.02375174332419791,0.00023751743324197975
SlideDecisionToFriendFrequency,0.026129943853567397,0.03766173596951148,0.03272013142492451,0.0,0.020024398515424407,0.02330724195268556,0.0002330724195268562
SpaceEnd,0.012326950759913486,0.03342755502883293,0.021226031426354434,0.0278841210943354,0.019596411512794558,0.022892213964446163,0.00022892213964446225
SquareShape,0.016420245684193487,0.02161964448116067,0.017599790493231824,0.020695803891999365,0.03737924553817585,0.022742946017752237,0.00022742946017752298
LeapDecisionToEnemy,0.0013751095008201922,0.005638780085736792,0.010610135100479649,0.09487115677225214,0.0010208272360637683,0.02270320173907051,0.00022703201739070571
SowProperties,0.0,0.11312152054983064,0.0,0.0,0.0,0.022624304109966128,0.0002262430410996619
RectangleShape,0.01926315574138655,0.015613966336667897,0.01864217064402723,0.03473981904686657,0.02473539433388634,0.02259890122056692,0.0002259890122056698
FairyChessComponent,0.0029754979536550734,0.01572599381096394,0.027377816942487344,0.0020205011076077422,0.06303741639457949,0.02222744524185872,0.0002222744524185878
StepEffect,0.0,0.0844982956759705,0.02162349654063586,0.0009697215696588912,0.0032790483194184167,0.022074112421136736,0.00022074112421136796
LineLossFrequency,0.014651250212901786,0.01655828115621145,0.037192254469393775,0.011912111279595983,0.029269408090167894,0.021916661041654177,0.00021916661041654237
EncloseCapture,0.012694715046474346,0.03446038322334869,0.02264075128202664,0.034946789439692746,0.004297459958667165,0.021808019790041915,0.00021808019790041974
LeapDecisionToEnemyFrequency,0.004963160773691462,0.03282458142504616,0.018214862220112277,0.03517589835740224,0.017199482864475445,0.02167559712814552,0.00021675597128145577
Contains,0.013289986425655652,0.01665713164390791,0.014593072373485998,0.02539014840352224,0.037752972902280704,0.021536662349770502,0.0002153666234977056
PatternEnd,0.019489005370399833,0.0012760787926769802,0.059169160088944156,0.01773493830332655,0.008741349603801048,0.021282106431829713,0.0002128210643182977
GreaterThan,0.008786728925463864,0.01687182592663468,0.02782219547723303,0.04507764454695715,0.0063866602296615595,0.02098901102119006,0.00020989011021190114
Math,0.013276314325559466,7.782689320677925e-05,0.05669875261026332,0.026508789293023246,0.008259504696695973,0.020964237563749755,0.0002096423756374981
Variable,0.015667706341219414,0.016018326794032568,0.02823052276654026,0.032162794154861785,0.01185485503014343,0.02078684101735949,0.00020786841017359544
StepDecisionToFriend,0.0,0.03703201762550825,0.01770716177384618,0.019238649804583802,0.02924956402743568,0.020645478646274786,0.0002064547864627484
NoMovesWin,0.01722829507015434,0.008360237400741426,0.0094511070554251,0.01895910084175869,0.04870365706278433,0.020540479486172776,0.00020540479486172832
CheckmateFrequency,0.00412032721984081,0.030461974480307154,0.034872028275619076,0.007078128786508039,0.02516401834543707,0.02033929542154243,0.00020339295421542485
Start,0.04160943822144991,0.010053792922608766,0.003392531050531862,0.03170674308255175,0.014907493456951311,0.02033399974681872,0.00020333999746818774
NumContainers,0.010436597924397878,0.017757743856520746,0.019474544795936986,0.021832172288199322,0.031979139856755635,0.020296039744362115,0.0002029603974436217
Intersection,0.013295454691355003,0.010879828524629629,0.03055525958923529,0.018943722117359365,0.022370089286042488,0.019208870841724356,0.0001920887084172441
CrossBoard,0.021713908593991763,0.00754258589871334,0.016030921060771603,0.029201948800820634,0.021258555720695287,0.019149584014998527,0.0001914958401499858
LineLoss,0.01670989178164557,0.003910179572780479,0.011769807848356434,0.03552467804180872,0.027712713128249737,0.01912545407456819,0.0001912545407456824
MarkerComponent,0.01527063596216946,0.005861911386706367,0.015959198151012797,0.04715419523053593,0.010946566828870952,0.0190385015118591,0.00019038501511859152
DiscComponent,0.03714178695173145,0.030981430952136034,0.006361638348996754,0.0067042575323062485,0.01313725563296835,0.018865273883627763,0.00018865273883627814
LargePiece,0.008136180786814138,0.0,0.009875706365762772,0.010654097416246979,0.06417136547618178,0.018567470009001136,0.00018567470009001185
DiamondShape,0.0045307774195996455,0.0033586843675738453,0.025824715700621198,0.03869343799110215,0.019960805232430646,0.0184736841422655,0.0001847368414226555
SetVar,0.022828545749544203,0.008238669713702447,0.008219871858864006,0.02838961995062212,0.02241640409405914,0.018018622273358383,0.0001801862227335843
OpeningContract,0.0050364814004292885,0.05130281949802523,0.02090360319796006,0.006757663739312301,0.003980175578514491,0.017596148682848277,0.00017596148682848324
ScoringEndFrequency,0.007227456041225829,0.0021274604411782166,0.02196563748591856,0.04241944783471778,0.013271465993099836,0.017402293559228045,0.00017402293559228092
CanMove,0.022504800400185588,0.023013822841365418,0.029059300034417083,0.005326298970928316,0.006509572970479779,0.01728275904347524,0.00017282759043475286
NoProgressEndFrequency,0.010466636118909665,0.007338321052661757,0.026881180747161972,0.015413631892440586,0.02578971121973194,0.017177896206181185,0.0001717789620618123
PushEffectFrequency,0.028611408274811616,0.02128592258672643,0.001333557292304399,0.01837488097086751,0.015207170801791667,0.016962587985300325,0.0001696258798530037
Conditions,0.012891578969999566,0.03990538467889257,0.02492742561268432,0.0014067154581125798,0.005295540026272541,0.016885328949192317,0.00016885328949192363
AlquerqueBoardWithOneTriangle,0.014740107219818449,0.015679807551417173,0.014172471365583847,0.008149324573557458,0.03045446061134816,0.016639234264345017,0.00016639234264345063
LesserThan,0.002764808629974811,0.023536712407646005,0.017722925047805684,0.01323392848409763,0.025429779768538906,0.016537630867612608,0.00016537630867612653
SlideDecisionToEmpty,0.023726080061334708,0.018551585211677504,0.005068770385237657,0.031712617292120805,0.0032737260379703064,0.016466555797668196,0.00016466555797668242
Addition,0.009587478375024418,0.026246955192456865,0.017844267651949304,0.019982634341569185,0.008183302148892384,0.016368927541978433,0.00016368927541978478
NoMovesNext,0.016771459249250827,0.005646268157519463,0.024163751927802516,0.019092819697627897,0.01607672981760454,0.01635020576996105,0.00016350205769961093
ThreeMensMorrisBoard,0.008759824488031257,0.012205097330013223,0.02988800265285225,0.025879074641414604,0.004926057123465715,0.01633161124715541,0.00016331611247155455
ConnectionLossFrequency,0.02581074649535424,0.014418477718548631,0.019547476380009348,0.021375812008104664,0.0,0.016230502520403374,0.00016230502520403418
HopDecisionFriendToEnemyFrequency,0.01041208994738982,0.020028138287010572,0.02736650723950948,0.0007705182196605727,0.022012060621951386,0.016117862863104366,0.0001611786286310441
MancalaSixRows,0.0,0.0005022476108085551,0.00046658868344790573,0.0008491732572706372,0.07798958693773751,0.015961519297852923,0.00015961519297852966
SetValueFrequency,0.017992399049801135,0.012328229683259456,0.02124215582612881,0.011125066940031873,0.01696957414050406,0.015931485127945066,0.0001593148512794511
StrategoComponent,0.01737697669566508,0.022084447155528705,0.033528027972344186,0.005474421012861659,0.00040092979353391827,0.015772960525986708,0.00015772960525986751
MaxMovesInTurn,0.021059500926166805,0.014345965186387378,0.008665287766616814,0.007929423900447723,0.024524473374751242,0.015304930230873991,0.00015304930230874031
GraphStyle,0.0071292431558688096,0.02321174262102781,0.0021786759742479585,0.013060020598835022,0.02971232724347404,0.015058401918690728,0.0001505840191869077
InitialCost,0.016090385079727126,0.0,0.00563937461486074,0.0377988131821525,0.014774721757189989,0.014860658926786072,0.00014860658926786112
LeapDecision,0.0,0.0,0.0,0.07291376516649944,0.0011950666436195323,0.014821766362023795,0.00014821766362023835
Maximum,0.009874960450492503,0.00470928249402856,0.02892765109530479,0.006949447645983352,0.023189277424562654,0.014730123822074373,0.00014730123822074412
Connection,0.00605467083019609,0.014121409087953084,0.012082393277445029,0.016938264308750464,0.022879963885798764,0.014415340278028687,0.00014415340278028726
NoOwnPiecesEndFrequency,0.004192891204591263,0.015620356589845053,0.02854406464334147,0.014945968110220847,0.00853019873897688,0.014366695857395103,0.00014366695857395142
RaceEnd,0.012099286650685643,0.0037323418557455123,0.010627022634214073,0.010308245492428226,0.03419454449035761,0.014192288224686211,0.0001419228822468625
VoteDecision,0.026938936612325274,0.019505963840221765,0.005411427716363658,0.011268969771970436,0.007540668823430114,0.01413319335286225,0.00014133193352862289
MovesNonDecision,0.0016075813902031,0.00691445217571722,0.00673491381502271,0.054365508978395066,0.0,0.01392449127186762,0.00013924491271867658
MoveAgain,0.014345660801624397,0.004303686042683576,0.007293648431263088,0.013444181018808734,0.029477441150689843,0.013772923489013928,0.00013772923489013966
NoSiteMoves,0.026397368582280475,0.007810072299584407,0.012010414593271007,0.0069664544937081355,0.015552314785525188,0.01374732495087384,0.00013747324950873877
HopDecision,0.0,0.0,0.0007593216706759249,0.06789297307134384,0.0,0.013730458948403954,0.0001373045894840399
TriangleTiling,0.008990265436715945,0.01074201893442408,0.015720347422991016,0.01582532885388406,0.017109958118827456,0.01367758375336851,0.00013677583753368548
RelativeDirections,0.0033337959461548334,0.004179207446358457,0.026704730587474333,0.03333368128619853,0.0007435152565014804,0.013658986104537526,0.00013658986104537563
Algorithmics,0.004366166401144661,0.018926621123947506,0.013781768077015318,0.023054914125486853,0.00786442713711008,0.013598779372940883,0.0001359877937294092
BackwardsDirection,0.0024277713126965544,0.028387599382751358,0.029532408205710278,0.004334475923583416,0.002680532892168893,0.013472557543382103,0.0001347255754338214
Priority,0.006032065103097134,0.015511630824254193,0.02607507511546954,0.0070556250525680144,0.012670198275045038,0.013468918874086782,0.0001346891887408682
MancalaStores,0.004828019988287752,0.014411672620163643,0.02275732985990814,0.004677178051509572,0.02059728298018507,0.013454296700010837,0.00013454296700010873
SetPending,0.015234828978868766,0.009605707010963147,0.01584938300806848,0.014383625981182849,0.012115590046490233,0.013437827005114695,0.00013437827005114732
Misere,0.004280048536333158,0.015004588469293603,0.015843775774839582,0.024356904975949705,0.0071346307791643965,0.013323989707116091,0.00013323989707116128
CopyContext,0.027763707975892216,0.0061206743201977195,0.004263792721806167,0.018580647582775684,0.009821491621689132,0.013310062844472184,0.0001331006284447222
ChessStyle,0.007943298905831696,0.005172131779039913,0.025126961411503678,0.0198159358987682,0.008358480057474601,0.013283361610523617,0.00013283361610523652
CountPiecesNextComparison,0.01353908186136291,0.009733268483603648,0.010672600378726515,0.013695722613154734,0.01733799508964127,0.012995733685297817,0.00012995733685297852
NoTargetPieceEnd,0.02545794077644527,0.027034293634340328,0.0010555365943830108,0.010570724714519777,0.0,0.012823699143937679,0.00012823699143937713
MancalaStyle,0.0,0.0,0.0,0.03932727148649263,0.024377465501380993,0.012740947397574726,0.0001274094739757476
IsPieceAt,0.009761666460147365,0.0056669008320020175,0.012522050635490136,0.017831371408877868,0.01758063762045187,0.012672525391393852,0.00012672525391393887
RegularShape,0.02647691340405457,0.005279768628983921,0.021623993923799295,0.0010583171692364747,0.00783221485942525,0.012454241597099902,0.00012454241597099935
Vertex,0.00828671166115069,0.009920995433655018,0.0,0.039849908329385474,0.0039461820741051165,0.01240075949965926,0.00012400759499659294
NoMovesDrawFrequency,0.0070661842537177045,0.013334686174341439,0.016761597754604625,0.02274389758547948,0.0015826645841441123,0.012297806070457471,0.00012297806070457503
NoProgressDrawFrequency,0.007500351810932574,0.015165780836998672,0.0031543430965979232,0.025230235995864485,0.009883137355561874,0.012186769819191106,0.00012186769819191138
HopDecisionFriendToEmptyFrequency,0.005021602381876005,0.018608477810041456,0.003988859872800348,0.019644988192242453,0.013662532163007465,0.012185292083993545,0.00012185292083993578
NoPiece,0.0073780771967781045,0.004996837448659395,0.021066158264119336,0.018756643840121157,0.00831181894935604,0.012101907139806805,0.00012101907139806838
ScoringDraw,0.017625675416446315,0.015453667780698378,0.013841594601849664,0.013507341263675633,0.0,0.012085655812533999,0.00012085655812534032
AddEffect,0.0013818278564902806,0.007298714902806873,0.04160519314541296,0.005655649445915423,0.00371309487291805,0.011930896044708716,0.00011930896044708748
ScoreDifferenceMedian,0.013358173895120637,0.008605269552111997,0.012376392386801214,0.002867054741693056,0.020024023258759554,0.011446182766897291,0.00011446182766897322
FlipFrequency,0.0018448492210880014,0.008510990761275622,0.004191536800546333,0.019450051089912455,0.02286039579545211,0.011371564733654905,0.00011371564733654936
HopDecisionMoreThanOne,0.036295767721499124,0.011411454848700162,0.004006392496607769,0.001489917473862381,0.0028923551136427195,0.01121917753086243,0.00011219177530862462
StarBoard,0.013073287540072191,0.0,0.014253009207607765,0.014804183665600833,0.013467503168554032,0.011119596716366965,0.00011119596716366995
AlquerqueBoardWithTwoTriangles,0.0032783794961763163,0.01153441630272294,0.021892882780718805,0.004111645306800223,0.014400986807388052,0.011043662138761266,0.00011043662138761295
FromToDecisionEmpty,0.007149865363672797,0.038143186073359515,0.004464461090553538,0.003890890421757923,0.0010866522452201407,0.010947011038912784,0.00010947011038912813
EliminatePiecesLossFrequency,0.016382167387735878,0.008601016535327556,0.010757462672257297,0.010945282853499758,0.007317604020383476,0.010800706693840794,0.00010800706693840824
ReachEnd,0.03820055593603753,0.003807239325027592,0.0006689822267689238,0.00892694165311259,0.0021995013735373594,0.010760644102896798,0.00010760644102896828
Stochastic,0.008533889805812727,0.04502879035536146,0.0,0.0,0.0,0.010712536032234838,0.00010712536032234867
Group,0.005440403195882198,0.022157255150289438,0.020600844103135122,0.004915280483915563,0.00010823633397990017,0.010644403853440444,0.00010644403853440472
ProposeDecision,0.0,0.013289385391118416,0.002796127018172876,0.029790524107030193,0.006084091954471518,0.0103920256941586,0.00010392025694158627
Even,0.0030709748585424613,0.017497428058451298,0.013819487810525046,0.007110695056041092,0.01017026417472624,0.010333769991657228,0.00010333769991657257
ShowPieceValue,0.011964894515245638,0.001613516086205117,0.014366037682141314,0.015435628301321617,0.006707112156734671,0.010017437748329671,0.00010017437748329699
RotationalDirection,0.01503503827276767,0.023278482691710706,0.002289575524489912,0.006250516856917704,0.002674329219486873,0.009905588513074572,9.9055885130746e-05
PolygonShape,0.0,0.04523582575855537,0.0009568090456488337,0.0,0.0031585555050267244,0.009870238061846186,9.870238061846213e-05
CountPiecesComparison,0.0013432332371920374,0.009833023870465293,0.024680650980741483,0.01337168431886542,0.0,0.009845718481452848,9.845718481452875e-05
LineWin,0.0164287266170291,0.0,0.0,0.023583973046414602,0.009183185225524792,0.009839176977793698,9.839176977793725e-05
Odd,0.004434527922096906,0.006473877205092953,0.009639171081518265,0.024066388630836707,0.004454745352816289,0.009813742038472222,9.813742038472249e-05
FillWinFrequency,0.00952446849467404,0.017159715707431827,0.014381685324802782,0.0003541521449890563,0.007423555995405253,0.009768715533460592,9.768715533460618e-05
FillEndFrequency,0.017518072614431977,0.010407203491300235,0.008987402644441827,0.0,0.011181673945403857,0.009618870539115578,9.618870539115604e-05
SlideEffect,0.003867112399339145,0.02715467369386343,0.0054211705338852965,0.0035008975690481807,0.00793652654487312,0.009576076148201832,9.576076148201859e-05
Multiplication,0.02064071982014833,0.003514036137382169,0.007890764945784966,0.00245416040027081,0.01328092698767629,0.009556121658252512,9.556121658252538e-05
AbsoluteDirections,0.01483039984444526,0.026344180020526933,0.005080201086388448,0.0015022755132195376,0.0,0.009551411292916036,9.551411292916062e-05
EncloseCaptureFrequency,0.007564310687855885,0.00899306868733091,0.012345291936615387,0.004736542593014073,0.013853792344737057,0.009498601249910662,9.498601249910688e-05
SowCCW,0.010154370421866447,0.001620241381129852,0.02015889642185247,0.015536855051420398,0.0,0.009494072655253833,9.494072655253859e-05
ThreeMensMorrisBoardWithTwoTriangles,0.009662920033591416,0.0025457280980976113,0.018610731800502874,0.0033486710130093307,0.01330001580778527,0.0094936133505973,9.493613350597324e-05
HopCaptureMoreThanOne,0.00980360677007508,0.007910861110456198,0.0034399143844847917,0.019553225711790134,0.0067195934145439055,0.009485440278270021,9.485440278270047e-05
HopDecisionFriendToFriendFrequency,0.0,0.0042735303514126344,0.014498380937532133,0.018489287480562694,0.009888095133920647,0.009429858780685621,9.429858780685646e-05
PatternWinFrequency,0.001367182666166665,0.0,0.0021945778990814535,0.02140773107536823,0.021400943455115947,0.009274087019146459,9.274087019146483e-05
BoardStyle,0.007047163903137146,0.021172270701093194,0.008720469342202268,0.004623771482579985,0.004747712924983469,0.009262277670799212,9.262277670799238e-05
Meta,0.02647635715257448,0.00570414946282392,0.012671234240880846,0.0006712609532474885,0.00041208161159392656,0.009187016684224131,9.187016684224156e-05
CustodialCapture,0.0009776162111673618,0.031536032737541776,0.002719726888491982,0.01012168657645206,0.0,0.009071012482730635,9.071012482730659e-05
DiceD6,0.00819763432881197,0.007115091306362234,0.004664213816150807,0.011222419749433117,0.01376215943754754,0.008992303727661133,8.992303727661157e-05
MovesEffects,0.007888974876332581,0.0015213922425997709,0.02316172925533837,0.007828875679889631,0.004296124825445501,0.00893941937592117,8.939419375921194e-05
SquareTiling,0.007265618359461626,0.006837122512649108,0.0026045481144540755,0.014778771738198684,0.012786206152483468,0.008854453375449392,8.854453375449416e-05
HopEffect,0.008016806526962971,0.012049001245935519,0.017215668454622003,0.004731094586696501,0.0021305338347715435,0.008828620929797708,8.828620929797732e-05
ShootDecision,0.01640164488359105,0.007405100610476511,0.008736363860292341,0.0,0.010403126992602398,0.008589247269392461,8.589247269392484e-05
TrackLoop,0.0,0.0,0.04292396523613043,0.0,0.0,0.008584793047226086,8.58479304722611e-05
MovesDecision,0.017274134797516917,0.0024731443432402783,0.013066115821870885,0.009999938539251444,0.0,0.008562666700375905,8.562666700375928e-05
Draw,0.0009539208440802054,0.01402408165768913,0.00565018803372285,0.0013229279041729364,0.017730498511361836,0.007936323390205391,7.936323390205412e-05
IsEnemy,0.0040160491898648286,0.0,0.015982628282548372,0.011905066981150077,0.007614943040625933,0.007903737498837844,7.903737498837866e-05
BackwardLeftDirection,0.0034327526976393177,0.007279650507867841,0.00021613446426169182,0.0018329771305536054,0.02650538704772701,0.007853380369609895,7.853380369609916e-05
ShootDecisionFrequency,0.006391691004188073,0.00884294997454557,0.007426666191244019,0.0,0.016120091870351967,0.007756279808065926,7.756279808065947e-05
DirectionCaptureFrequency,0.00029161991203124985,0.0051832698335849085,0.003640147117753466,0.0015146714774495471,0.027881938611076764,0.007702329390379186,7.702329390379208e-05
Hand,0.0,0.002824879859427286,0.0009598017675044985,0.0290817553736142,0.005632882982198485,0.007699863996548895,7.699863996548915e-05
NumDice,0.003024892016238157,0.006700044992797821,0.005908234046079331,0.009829464477396013,0.011441124567266621,0.007380752019955588,7.380752019955609e-05
Visual,0.0033440075028647307,0.011808484195816265,0.003994107027044496,0.003522629912649315,0.013966368772453015,0.007327119482165564,7.327119482165585e-05
GroupEndFrequency,0.015250709606250332,0.007063031702371034,0.002418902530614941,0.006628522300758072,0.0049505047020478804,0.007262334168408452,7.262334168408471e-05
SwapOption,0.012103574263736103,0.007748899118417211,0.009088668300580909,0.0042510817400905525,0.0028164507082363345,0.007201734826212222,7.201734826212241e-05
PieceState,0.010486688755007703,0.006489996600471404,0.005567444070426317,0.004610920618585226,0.008819979541152831,0.007195005917128697,7.195005917128716e-05
LineDraw,0.013134081166955023,0.0,0.010798893188082716,0.0007052049004428207,0.011065981147986362,0.007140832080693385,7.140832080693404e-05
HopDecisionFriendToEnemy,0.005286664857766865,0.004644196475809901,0.009220761854280302,0.01033921162479541,0.004583643108082236,0.006814895584146943,6.814895584146961e-05
NoOwnPiecesWinFrequency,0.0,0.006745610781412196,0.005034545269038479,0.01485524664995528,0.007339339294558999,0.006794948398992991,6.794948398993009e-05
HexTiling,0.006330745518243275,0.0031784150323267103,0.011208633317908022,0.008127173732719099,0.0047540010359121195,0.006719793727421845,6.719793727421863e-05
StepDecisionToEnemy,0.0,0.002994097522080832,0.003915407580628508,0.02646810607236295,0.0,0.006675522235014458,6.675522235014476e-05
DiceD4,0.0022962111031164995,0.010169506886947179,0.004018618486269672,0.006027314817581173,0.010615461967232086,0.006625422652229321,6.625422652229339e-05
Modulo,0.0019047611387407897,0.012628292087163828,0.004435690324782836,0.009250082139769956,0.004890895811599583,0.006621944300411399,6.621944300411417e-05
ComponentStyle,0.0031879835791637345,0.022877828699420785,0.0037548663150494036,0.001369575073370926,0.0012821575768180585,0.006494482248764581,6.494482248764599e-05
SetSiteState,0.009875045892974886,0.012034519877477261,0.004353077043892594,0.0015668617800502088,0.004334848621434695,0.006432870643165929,6.432870643165946e-05
PenAndPaperStyle,0.01450592789564586,0.00563580220569382,0.01170359039721439,0.0,0.00030153871379767945,0.006429371842470349,6.429371842470367e-05
AlquerqueBoardWithFourTriangles,0.005297218746027247,0.0034309860738028536,0.004895974210897813,0.009845168006564773,0.008641834021373971,0.006422236211733332,6.42223621173335e-05
BackwardDirection,0.003242876989892104,0.0005930974515631995,0.005425872365512158,0.01960225446902703,0.0025633162699761907,0.006285483509194137,6.285483509194154e-05
ForwardsDirection,0.00909119886756085,0.00559391583345642,0.007994921610324108,0.006883459329745949,0.0017056698383941086,0.006253833095896287,6.253833095896304e-05
RemoveDecision,0.0,0.004731256746818376,0.0028601050103093484,0.011658146912863609,0.011294848710910917,0.006108871476180449,6.108871476180466e-05
ShibumiStyle,0.0,0.022612805353146054,0.007253504491885628,0.0006714910399856659,0.0,0.00610756017700347,6.107560177003487e-05
Division,0.008318524967041203,0.006760642524886952,0.0005101513757095464,0.003671289473165949,0.011078506589821908,0.006067822986125112,6.067822986125128e-05
OppositeDirection,0.0037007283088903824,0.012493146567691106,0.0030715556393077635,0.008449891676173455,0.0021147604850009494,0.005966016535412731,5.9660165354127466e-05
FromToDecision,0.0038047123719713635,0.002796046071328515,0.004464465320953551,0.018579065964033307,0.0,0.005928857945657348,5.928857945657364e-05
TerritoryWinFrequency,0.002284719528429052,0.0007935484076018082,0.006826930433318547,0.002189955134747805,0.017289628360879907,0.005876956372995424,5.876956372995439e-05
SquarePyramidalShape,0.0,0.028318252652018056,0.0006219884487379491,0.00013171517716747022,0.0,0.005814391255584695,5.8143912555847106e-05
TerritoryEndFrequency,0.0027631894955222704,0.003804546257034571,0.004556135214124684,0.0013309064654579853,0.016521722313499455,0.005795299949127793,5.795299949127809e-05
Absolute,0.0076265119248636725,0.010874917343030355,0.00035381718651352964,0.007784331234786268,0.002025752263597811,0.005733065990558327,5.7330659905583427e-05
PushEffect,0.0072637198739662736,0.0,0.0029226855563908387,0.0027725481634586027,0.015031914535474266,0.005598173625857996,5.5981736258580116e-05
SetValue,0.0003787940545778994,0.004327767500115658,0.0028713754828231593,0.0,0.020240449915856842,0.005563677390674713,5.5636773906747274e-05
ProposeEffectFrequency,0.005047638306606982,0.0022323719114285615,0.017474641057325414,0.00011553803843046426,0.0029070029505068964,0.005555438452859664,5.555438452859679e-05
CountPiecesMoverComparison,0.0033225189932138944,0.006654880166148614,0.009622630573439282,0.003906796794810571,0.0039037024230877677,0.005482105790140026,5.4821057901400406e-05
Style,0.0077343839112316215,0.0056447083602671425,0.003946656521659051,0.009143068131285887,0.0005999486335319644,0.005413753111595134,5.4137531115951485e-05
ForwardDirection,0.009146050459422952,0.013517831614992473,0.0005578224958988256,0.0,0.003744379382034547,0.00539321679046976,5.3932167904697746e-05
NoPieceMover,0.00034677967868779186,0.0007692317076614375,0.008738788396212536,0.013999272895510695,0.002964327192679383,0.0053636799741503685,5.363679974150383e-05
NoMovesLoss,0.0006748256479168039,0.010295558845873168,0.01034866881338148,0.0019722610698233683,0.0034732891227669946,0.005352920699952363,5.352920699952378e-05
VoteEffect,0.006435528303338402,0.003912509946113561,0.0,0.00623885680145813,0.009992469043318993,0.005315872818845817,5.315872818845831e-05
LeftwardDirection,0.0,0.0,0.010161062359513416,0.015001138449218758,0.0006643179507919551,0.005165303751904826,5.16530375190484e-05
Minimum,0.003389124239956968,0.001985429046889612,0.013085791135940232,0.0042629102666199925,0.0028323851593699406,0.005111127969755349,5.111127969755363e-05
NoProgressEnd,0.0020651845964308087,0.0,0.0,0.023483067250571484,0.0,0.0051096503694004584,5.1096503694004725e-05
SwapPlayersDecision,0.0016819975885265985,0.008112968429619935,0.006525513041458269,0.006729063447018173,0.0024817697007593954,0.005106262441476475,5.106262441476488e-05
PieceNumberChangeNumTimes,0.0054252384035599205,0.005518310246339133,0.005021193458137781,0.00669665519482862,0.002781338884085869,0.005088547237390264,5.088547237390278e-05
ScoringWin,0.0013614759020913322,0.008106010896679752,0.00380070055886002,0.0,0.012048620477206796,0.00506336156696758,5.063361566967594e-05
MaxDistance,2.119896286144879e-05,0.006783842203901063,0.0030354916352804628,0.007767630961806699,0.007605610045161933,0.005042754761802321,5.0427547618023346e-05
EliminatePiecesDrawFrequency,0.0,0.011778607672469686,0.001749495336652321,0.007055969420149819,0.003954948402767745,0.004907804166407914,4.907804166407928e-05
MancalaFourRows,0.0,0.0007467405433327977,0.01595448233491053,0.0012044498732194041,0.006050951358472626,0.004791324821987071,4.791324821987084e-05
TaflComponent,0.005399199691278171,0.0032480827280445494,0.0007383674122863139,0.012283046283574916,0.001738822953900208,0.0046815038138168326,4.681503813816845e-05
PieceRotation,0.0,0.0,0.00940217954222386,0.00812112435145094,0.0058210570292026335,0.004668872184575486,4.668872184575499e-05
InitialScore,0.0015211128294796833,0.004361828219242958,0.0012316725726024182,0.006456854217145452,0.009541401878291576,0.0046225739433524175,4.62257394335243e-05
GroupWinFrequency,0.0032620397601404298,0.00640108999603618,0.0018713013594806314,0.006889181590196722,0.002759506643486022,0.004236623869867997,4.2366238698680085e-05
SetRotation,0.0,0.006632923486167259,0.0020542088592114096,0.0041896718826300566,0.007744825759695822,0.004124325997540909,4.12432599754092e-05
ConnectionEnd,0.0027598967077915445,0.008101917437013075,0.0,0.0091521696535277,0.00029921002690616323,0.004062638765047697,4.062638765047709e-05
HopDecisionEnemyToEnemy,0.0014928321705892215,0.005139114428345065,0.0,0.007165567250325728,0.006507538650152928,0.004061010499882589,4.0610104998826e-05
NoTargetPiece,0.003461238058225037,0.004213571960313355,0.0,0.009228799289192487,0.002886353823890213,0.003957992626324219,3.957992626324229e-05
Piece,0.001312803940678293,0.0026322117957454563,0.006791480709056315,0.000910381434247908,0.008094974765919857,0.003948370529129566,3.9483705291295765e-05
GroupEnd,0.008430196769029365,0.003397888359456572,0.0019806427389489753,0.004891325338760678,0.0006518900016937523,0.0038703886415778683,3.870388641577879e-05
LineOfSight,0.0007080856255397171,0.00818401605679637,0.0010360112829079157,0.009354418945909507,0.0,0.0038565063822307024,3.856506382230713e-05
LeapDecisionToEmpty,0.0,0.0,0.0,0.019251010493201978,0.0,0.003850202098640396,3.850202098640406e-05
TrackOwned,0.0,0.0007504723691969271,0.0,0.009853113372983455,0.00817187936730462,0.0037550930218970004,3.755093021897011e-05
SetMove,0.0005995998842864323,0.005685836392343995,0.0025865628872640736,0.0,0.009826322920515596,0.0037396644168820195,3.7396644168820294e-05
QueenComponent,0.012095559657149188,0.005131045298209798,0.0010552517814987775,0.0,0.0004034659638869913,0.0037370645401489508,3.7370645401489606e-05
DiagonalDirection,0.006209890751290878,0.0028962951599992783,0.005715691893537645,0.0,0.00368856669735846,0.0037020889004372518,3.7020889004372614e-05
ScoringEnd,0.01151510375346021,0.0,0.004587695998203578,0.0010043056175374258,0.0011154016356900132,0.003644501400978245,3.644501400978255e-05
PloyComponent,0.0,0.0017533929362398154,0.00011615195096022286,0.014111291251564734,0.002113858541054773,0.003618938935963909,3.618938935963919e-05
RemoveEffect,0.0015831199973686445,0.0,0.0031000756824129546,0.003445871470154226,0.009918120310294178,0.0036094374920460004,3.60943749204601e-05
Capture,0.0008892653523398984,0.0025710939424578114,0.0025251984991383064,0.006333989047293049,0.005721907328915163,0.003608290834028846,3.6082908340288556e-05
ByDieMove,0.0,0.0067923255136608926,0.01032179351358985,0.0008671377781135545,0.0,0.0035962513610728595,3.5962513610728694e-05
HopDecisionEnemyToEnemyFrequency,0.00480152320564708,0.004545551702232359,0.0009805252578393773,0.005903880031821023,0.0017173201436411012,0.0035897600682361875,3.589760068236197e-05
FillWin,0.003926542622852054,0.0018169103556901426,0.002475828243432332,0.0022663521731976412,0.007448444796988398,0.0035868156384321137,3.586815638432123e-05
PromotionEffect,0.0,0.0028535971546648094,0.0011493576820851077,0.00328746374141498,0.010487553270753389,0.0035555943697836573,3.5555943697836666e-05
FromToDecisionFrequency,0.0039434857841988144,0.0036414032314587867,0.0025391457421688815,0.0018898414075917019,0.005726178427922357,0.0035480109186681085,3.548010918668118e-05
RememberValues,0.008184716693476875,0.0012512261561332338,0.0013082879927734008,0.0018105910627036674,0.00494258088693857,0.003499480558405149,3.4994805584051585e-05
ScoringLoss,0.00543421173334173,0.0056495541369081075,0.0029400679217475075,0.0,0.0033132995333905835,0.003467426665077585,3.467426665077594e-05
Pattern,0.0002658834094702156,0.004067413735722355,0.0070637320134394905,0.004990494184676524,0.0009411803889016146,0.00346574074644204,3.465740746442049e-05
PiecesPlacedOutsideBoard,0.0,0.0006366737417618567,0.0,0.016507087994254002,0.0,0.003428752347203172,3.428752347203181e-05
DirectionCapture,0.0014304621250525581,0.0032263210963949063,0.0009475023134242465,0.005876605619358148,0.0053483135667097784,0.0033658409441879268,3.3658409441879356e-05
InterveneCapture,0.0028245944554596454,0.007074235434938903,0.0015214769536050958,0.0007901462830611015,0.004334623024175624,0.0033090152302480734,3.3090152302480825e-05
BackwardRightDirection,0.0,0.0034407475458982767,0.0001312587620926418,0.010377852528935382,0.002488631067090814,0.003287697980803423,3.287697980803432e-05
InternalCounter,0.0,0.003692546217733998,0.008480299741348915,0.0033102952992098565,0.0007614134004358203,0.0032489109317457173,3.248910931745726e-05
XiangqiStyle,0.006941805011607585,0.0014227251742442697,0.002501418899435238,0.0013670301127270822,0.0038187724115937424,0.003210350321921584,3.2103503219215925e-05
BranchingFactorChangeNumTimesn,0.008528425236281105,0.0026481151641819544,0.0008929557447325748,0.0007117968444147842,0.0031276455096508364,0.003181787699852251,3.1817876998522594e-05
MovesOperators,0.0010541460207981004,0.0077828235679762,0.0018919802652402665,0.0029749251131489943,0.0020142121136669045,0.0031436174161660934,3.143617416166102e-05
SemiRegularTiling,0.0027900835514996624,0.005635708539161883,0.0024121384900211732,0.0048604770362901855,0.0,0.0031396815233945808,3.139681523394589e-05
HopDecisionFriendToEmpty,0.005004728811631223,0.0007259280628005084,0.00665151823927048,0.0024660000153687747,0.0006946701037944867,0.0031085690465730946,3.108569046573103e-05
EliminatePiecesLoss,0.0,0.003880550391080489,0.002966169925246402,0.007130338923401416,0.0009115744525431959,0.0029777267384543003,2.9777267384543082e-05
Stack,0.0067533943545081436,0.004427526976214495,0.0,0.0034174011929095642,0.0,0.0029196645047264405,2.9196645047264483e-05
LeapEffect,0.002367909150565176,0.00275858225859332,0.004744255794336789,0.0016283539551462194,0.0029313000512691855,0.0028860802419821384,2.886080241982146e-05
CircleShape,0.007817101348139005,0.0007291034060123102,0.001554550099837843,0.0025919096385061185,0.0014133147352935395,0.0028211958455577634,2.821195845557771e-05
ProgressCheck,0.0,0.0044931075082481125,0.006740014781955184,0.002743727965549389,0.0,0.002795370051150537,2.7953700511505446e-05
MancalaThreeRows,0.0013723702066887567,0.00021425274070781543,0.007178462367826915,0.004619744378633757,0.00038983696196493475,0.0027549333311644355,2.754933331164443e-05
LineEnd,0.0,0.005813794571251423,0.0,0.004199917013260226,0.003737356261954847,0.002750213569293299,2.7502135692933068e-05
KnightComponent,0.0012556971743187192,0.0,0.012039332402345775,0.0,0.00036278470170935994,0.002731562855674771,2.7315628556747783e-05
CircleTiling,0.0011110198408812453,0.00380110320694438,0.008489885881605042,0.0,0.0,0.0026804017858861337,2.680401785886141e-05
Scoring,0.0,0.01150443980416619,0.0,0.0012524512533021097,0.0006029395085922958,0.002671966113212119,2.671966113212126e-05
NoProgressDraw,0.0,0.000926951440212629,0.005358235829924521,0.0020563104319652574,0.004942031312554902,0.002656705802931462,2.656705802931469e-05
ForgetValues,0.0025364211794135284,0.00338853915526432,0.00035443222506524206,0.0005804686793385483,0.006295872294917047,0.002631146706799737,2.631146706799744e-05
FromToDecisionFriend,0.010966251726887581,0.0011986121586266122,0.0004130171840499789,0.0,0.00044244935967634684,0.0026040660858481037,2.604066085848111e-05
ScoringLossFrequency,0.00345843907695598,0.00014980614494217775,0.00269710808644449,0.0014185086075633713,0.004855909813596584,0.002515954345900521,2.5159543459005277e-05
Shape,0.0,0.002967438585880767,0.0,0.005440041431250951,0.003549888089131976,0.002391473621252739,2.3914736212527453e-05
InterveneCaptureFrequency,0.0025564214134143042,0.0011171131878342268,0.0013754030449068828,0.003573250039764063,0.0031720366263468746,0.0023588448624532704,2.3588448624532768e-05
ChessComponent,0.002100760078384963,0.002295633695677125,0.001401869266366907,0.004373676597957114,0.001438372649223574,0.0023220624575219367,2.322062457521943e-05
PositionalSuperko,0.0,0.0,0.007519619041655957,0.003470468597460227,0.0005971905781154103,0.002317455643446319,2.3174556434463256e-05
Territory,0.0,0.0,0.0,0.011584578460886999,0.0,0.0023169156921773997,2.316915692177406e-05
SameDirection,0.0035944416178367283,0.0029887795171230987,0.0021721377180462915,0.0024482643467831355,0.000344084733887966,0.002309541586735444,2.3095415867354505e-05
LoopEnd,0.0027924029533949735,0.002181276569339993,0.0004593795172383981,0.0013362952148182035,0.004517149317506964,0.002257300714459706,2.257300714459712e-05
SwapPiecesDecision,0.0009350075413310225,0.002358492530144204,0.0006463830660593515,0.0020747185414981867,0.0049768817892045444,0.0021982966936474617,2.1982966936474676e-05
CaptureSequence,0.0,0.004114382435138314,0.0,0.006656724024484867,0.0,0.0021542212919246364,2.154221291924642e-05
FromToEffect,0.0016189331728676706,0.0015963391366587848,0.0048879648117862995,0.0011405131420210723,0.0012835727592988974,0.0021054646045265447,2.1054646045265504e-05
SowRemove,0.0017407939650589315,0.0026157549429799017,0.0002975935394036683,0.004049104497564173,0.001800579542257044,0.002100765297452744,2.1007652974527497e-05
BishopComponent,0.002183679559231116,0.00038921505215760267,0.0018182962868602199,0.003527986211876864,0.002461615789980872,0.0020761585800213346,2.07615858002134e-05
CanNotMove,0.0,0.006194324543636674,0.004148101689814568,0.0,0.0,0.0020684852466902486,2.0684852466902542e-05
SetInternalCounter,0.0,0.0032160413990572614,0.0,0.0044689160894093504,0.0024701751499952903,0.0020310265276923803,2.0310265276923858e-05
FromToDecisionEnemy,0.0006291197753960638,0.0014222127326204298,0.001911480590996371,0.003676977999248369,0.002174969030309181,0.0019629520257140832,1.9629520257140884e-05
EliminatePiecesDraw,0.0,0.007249566611241134,0.001431316846390268,0.000838258867858755,0.0,0.0019038284650980315,1.9038284650980365e-05
StepDecision,0.0,0.0,0.0,0.009341288730258458,0.0,0.0018682577460516915,1.8682577460516967e-05
SlideDecisionToFriend,0.005465251356156051,0.0011435930686893763,0.0,0.00203367098560826,0.0006973452905913492,0.0018679721402090072,1.8679721402090122e-05
NoBoard,0.0,0.0030679466089865125,0.0,0.0,0.006200238550009954,0.0018536370317992934,1.8536370317992986e-05
ReachLoss,0.00042238389091775366,0.0,0.0,0.0016261615004465194,0.007203598358342909,0.0018504287499414365,1.8504287499414416e-05
PromotionDecision,0.0060121330533385075,0.002385718131250432,0.0,0.0,0.0008460807380213073,0.0018487863845220495,1.8487863845220546e-05
StackType,0.0028468680714001386,0.0013611908822984866,0.002010708048398831,0.001815222470279746,0.00098308821715471,0.0018034155379063825,1.8034155379063874e-05
Efficiency,0.000457504016774046,0.0036291973619091275,0.001328359797553357,0.0034110003424203624,0.0,0.0017652123037313785,1.7652123037313834e-05
PawnComponent,0.0,0.0,0.001251292529803679,0.0010625820893088354,0.006163159927436645,0.0016954069093098319,1.6954069093098363e-05
AddDecision,0.0014145397508509721,0.0015410744075763393,0.0027180571934176645,0.0,0.0026250008227696048,0.0016597344349229162,1.6597344349229206e-05
PiecesPlacedOnBoard,0.0,0.0009525838543773519,0.0,0.003885418212158476,0.0033459972938025945,0.0016367998720676845,1.636799872067689e-05
Implementation,0.0013169011036651597,0.0011450316489303308,0.0017332235139218635,0.0,0.003669509804926312,0.0015729332142887333,1.5729332142887377e-05
SumDice,0.0,0.0,0.0,0.007406026107266521,0.00029506145686460653,0.0015402175128262255,1.5402175128262297e-05
Fill,0.0010702781351253719,0.006614679115549534,0.0,0.0,0.0,0.0015369914501349813,1.5369914501349855e-05
Tile,0.006763077539982873,0.0,0.0004859713674416735,0.00040656708750531114,0.0,0.0015311231989859715,1.5311231989859756e-05
GroupWin,0.0018277742348911173,0.0022151891700230245,0.001328603425276388,0.0,0.0021347095482665943,0.001501255275691425,1.501255275691429e-05
BackgammonStyle,0.0,0.004445289592866388,0.001205350805108254,0.0015878993088819513,0.00024396503968539748,0.0014965009493083982,1.4965009493084023e-05
NoOwnPiecesLossFrequency,0.002536070170669838,0.0013583999233568794,0.0001380808708811741,0.0018102233181344718,0.0016396220328205979,0.0014964792631725922,1.4964792631725962e-05
Repetition,0.0,0.0025157411006623692,0.00048321916056882365,0.0007536932562658128,0.003615843621148999,0.001473699427729201,1.473699427729205e-05
ConnectionLoss,0.0018262445988339014,0.0015315612149514055,0.0012297818144761876,0.00063181453490415,0.0020644680044341647,0.0014567740335199616,1.4567740335199656e-05
NoOwnPiecesLoss,0.0010506678921023626,0.0005268844112540544,0.00404104502181096,0.0,0.0016065704148356715,0.0014450335480006098,1.4450335480006138e-05
MancalaTwoRows,0.0,0.0,0.0009646094375838027,0.0,0.006053249937119619,0.0014035718749406843,1.403571874940688e-05
ConnectionWin,0.004209311783403045,0.00030211158377971997,0.0,0.0024591743830068595,0.0,0.0013941195500379248,1.3941195500379285e-05
ReplacementCapture,0.0,0.006201516933377894,0.0007517358948974099,0.0,0.0,0.0013906505656550608,1.3906505656550645e-05
NoOwnPiecesWin,0.0016094719492957031,0.004208169598414187,0.0009036844748073068,0.0,0.0,0.0013442652045034392,1.3442652045034429e-05
NoTargetPieceWinFrequency,0.0,0.0011102314614153963,0.0006176588800182436,0.004458321872001524,0.0002917354858333718,0.001295589539853707,1.2955895398537107e-05
PieceValue,0.0018269524254101775,0.0029877892960382545,0.0,0.0,0.0014609513348182257,0.0012551386112533316,1.255138611253335e-05
InitialRandomPlacement,0.0004283771195956716,0.00231005926698428,0.0028849577875944663,0.0005983334048523423,0.0,0.001244345515805352,1.2443455158053553e-05
FillEnd,0.00275747558225579,0.0,0.0019091153882049604,0.0014862112624019494,0.0,0.0012305604465725401,1.2305604465725434e-05
Loop,0.0019604740622224935,0.0,0.0,0.0,0.004072794383417371,0.001206653689127973,1.2066536891279764e-05
SetCountFrequency,0.0007442844009518178,0.0036065300011718236,0.0005367219260764415,0.00064787008994965,0.0,0.0011070812836299466,1.1070812836299495e-05
Moves,0.0006926587052619237,0.0,0.0010121484729162132,0.0037175509735257167,0.0,0.0010844716303407705,1.0844716303407734e-05
StarShape,0.000924345301192335,0.001250087810692366,0.0,0.0008727592761426211,0.0023454768727290153,0.0010785338521512675,1.0785338521512704e-05
NumOffDiagonalDirections,0.0002854479700568004,0.0,0.0004596509751660646,0.002489040955686859,0.0021084240231700703,0.001068512784815959,1.0685127848159619e-05
MancalaCircular,0.0,0.0,0.005228882658822497,0.0,7.204516678151513e-05,0.0010601855651208025,1.0601855651208054e-05
Roll,0.00502207882255077,0.0,0.0,0.0,0.0,0.001004415764510154,1.0044157645101567e-05
SetCount,0.0006510117650478332,0.0012470142233414864,0.003046792740921814,0.0,0.0,0.0009889637458622266,9.889637458622293e-06
StackState,0.00020770979821092071,0.0,0.0,0.0,0.004668423175689746,0.0009752265947801334,9.752265947801361e-06
TerritoryWin,0.0,0.0,0.0,0.0031523096289129966,0.0015748976118180364,0.0009454414481462065,9.454414481462091e-06
JanggiStyle,0.0,0.0021770310735852627,0.00025674084686784965,0.0013389707728335017,0.0009483745782723185,0.0009442234543117865,9.44223454311789e-06
LoopEndFrequency,0.0016575626464670097,0.0006261224699548516,0.0020399574629389587,0.0,0.00022760323156655363,0.0009102491621854749,9.102491621854774e-06
Flip,0.0,0.0004953559130384823,0.0007440480049829315,0.0006332475978412446,0.002473480015820599,0.0008692263063366514,8.692263063366538e-06
NoTargetPieceWin,0.0007130264123328257,0.0,0.0036209634296085415,0.0,0.0,0.0008667979683882734,8.667979683882758e-06
RightwardDirection,0.0,0.0011814256142396137,0.0004580518666619645,0.0004983558165602759,0.0017665713072164317,0.0007808809209356572,7.808809209356594e-06
StateType,0.0005156144075291804,0.000540184472909461,0.0015865893084978868,0.0008504853328246216,0.0,0.00069857470435223,6.985747043522318e-06
LoopWinFrequency,0.0009705578161498221,0.0006791028270981408,0.0010345473862223386,0.0,0.0006681221315411875,0.0006704660322022978,6.704660322022996e-06
ProposeEffect,0.0,0.0012340252423450847,0.0,0.0002712141588638423,0.001572833685806008,0.000615614617402987,6.156146174029887e-06
GroupDraw,0.0,0.0014013760190737423,2.7981477490451402e-05,0.00012188595372380848,0.0014730994706851413,0.0006048685841946287,6.0486858419463035e-06
Track,0.0,0.0,0.0,0.0030067625206274566,0.0,0.0006013525041254913,6.01352504125493e-06
ShowPieceState,0.00020138942529695532,0.0005568556406062145,0.0015337022596235903,0.0,0.0006657185843688648,0.000591533181979125,5.915331819791266e-06
ReachDrawFrequency,0.0,0.001866618348786786,0.0,0.0002867542716359798,0.0005872822824383448,0.0005481309805722221,5.4813098057222364e-06
Directions,0.0022992454616374996,0.0,0.0,0.0003540146621649481,0.0,0.0005306520247604895,5.30652024760491e-06
XiangqiComponent,0.0010601347381938664,0.0,0.0,0.0008983898721957469,0.0006665452288755419,0.0005250139678530311,5.250139678530325e-06
ReachWin,0.0,0.0,0.000317665453119364,0.0019304721859793685,0.0,0.00044962752781974654,4.496275278197477e-06
DiceD2,0.0,0.0,0.0009170413898079915,0.000866540292973619,0.000458943530604439,0.00044850504267720994,4.485050426772111e-06
JanggiComponent,0.0009745504733980083,0.0003363364124810212,0.0,0.0,0.0008847296868586352,0.0004391233145475329,4.391233145475341e-06
SowBacktracking,0.0017221229112801238,0.0,0.0,0.0004273842060830724,0.0,0.00042990142347263923,4.299014234726404e-06
RotationDecision,0.0,0.0,0.0008619328684722806,0.0011964483839191143,0.0,0.000411676250478279,4.116762504782801e-06
KintsBoard,0.0,0.0008524457089681838,0.0,0.0,0.0011225435933150303,0.0003949978604566428,3.949978604566439e-06
ForwardLeftDirection,0.0,0.0017987917574964786,0.0,0.0,0.0,0.0003597583514992957,3.5975835149929668e-06
RotationDecisionFrequency,0.0,0.0003570553298509017,0.000585473756926817,0.0007966970849937905,0.0,0.00034784523435430186,3.478452343543028e-06
SurroundCapture,0.0,0.00017324742288019575,0.0,0.0014763376543652101,0.0,0.0003299170154490812,3.299170154490821e-06
AlquerqueBoardWithEightTriangles,0.0,0.0002774341887320416,8.135612952286356e-05,0.00048371941808169396,0.0005881739247099145,0.0002861367322093027,2.861367322093035e-06
Edge,0.0,0.0,0.0,0.0013442327696445361,0.0,0.00026884655392890724,2.68846553928908e-06
SlideDecisionToEnemy,0.0,0.0012212733228256776,0.0,0.0,0.0,0.0002442546645651355,2.4425466456513616e-06
NoOwnPiecesEnd,0.0,0.0,0.00020318315433805705,0.0,0.00082695071899462,0.00020602677466653542,2.0602677466653597e-06
TurnKo,0.000938470770080585,0.0,0.0,0.0,0.0,0.000187694154016117,1.876941540161175e-06
ForwardRightDirection,0.0,0.0004901877482072198,0.0,0.0,0.00037320258730607486,0.00017267806710265894,1.726780671026594e-06
TerritoryEnd,0.0,0.0,0.0,0.0,0.000851107579202709,0.0001702215158405418,1.7022151584054225e-06
RookComponent,0.0,0.0006753470929918438,0.0,0.0,0.0,0.00013506941859836875,1.3506941859836911e-06
SpiralShape,0.0,0.0,0.0,0.0002507361962806613,0.0,5.014723925613226e-05,5.01472392561324e-07
TableStyle,0.0,0.0,0.0,0.0,0.00024475737339717924,4.8951474679435847e-05,4.895147467943598e-07
ShogiStyle,0.0,0.0,0.0,0.0,0.0002287392246006116,4.574784492012232e-05,4.574784492012244e-07
VisitedSites,0.0,0.0,0.0,0.0,0.0,0.0,0.0
Checkmate,0.0,0.0,0.0,0.0,0.0,0.0,0.0
FortyStonesWithFourGapsBoard,0.0,0.0,0.0,0.0,0.0,0.0,0.0
ShogiComponent,0.0,0.0,0.0,0.0,0.0,0.0,0.0
PachisiBoard,0.0,0.0,0.0,0.0,0.0,0.0,0.0
CheckmateWin,0.0,0.0,0.0,0.0,0.0,0.0,0.0
SpiralTiling,0.0,0.0,0.0,0.0,0.0,0.0,0.0
SlideDecision,0.0,0.0,0.0,0.0,0.0,0.0,0.0
GroupLoss,0.0,0.0,0.0,0.0,0.0,0.0,0.0
LeftwardsDirection,0.0,0.0,0.0,0.0,0.0,0.0,0.0
ReachLossFrequency,0.0,0.0,0.0,0.0,0.0,0.0,0.0
ReachDraw,0.0,0.0,0.0,0.0,0.0,0.0,0.0
PathExtentWin,0.0,0.0,0.0,0.0,0.0,0.0,0.0
PathExtent,0.0,0.0,0.0,0.0,0.0,0.0,0.0
Threat,0.0,0.0,0.0,0.0,0.0,0.0,0.0
SetRotationFrequency,0.0,0.0,0.0,0.0,0.0,0.0,0.0
Cooperation,0.0,0.0,0.0,0.0,0.0,0.0,0.0
SowOriginFirst,0.0,0.0,0.0,0.0,0.0,0.0,0.0
AutoMove,0.0,0.0,0.0,0.0,0.0,0.0,0.0
Boardless,0.0,0.0,0.0,0.0,0.0,0.0,0.0
LoopWin,0.0,0.0,0.0,0.0,0.0,0.0,0.0
LoopLoss,0.0,0.0,0.0,0.0,0.0,0.0,0.0
RightwardsDirection,0.0,0.0,0.0,0.0,0.0,0.0,0.0
SowCapture,0.0,0.0,0.0,0.0,0.0,0.0,0.0
KingComponent,0.0,0.0,0.0,0.0,0.0,0.0,0.0
Dice,0.0,0.0,0.0,0.0,0.0,0.0,0.0
Team,0.0,0.0,0.0,0.0,0.0,0.0,0.0
PathExtentEnd,0.0,0.0,0.0,0.0,0.0,0.0,0.0
PathExtentLoss,0.0,0.0,0.0,0.0,0.0,0.0,0.0
