feature;importance_mean;importance_std;val_imp_0;val_imp_1;val_imp_2;val_imp_3;val_imp_4
AdvantageP1;0.09993864524152209;0.02592449881499077;0.06598183391174997;0.12146110643663927;0.09331226510278198;0.08191404540418476;0.13702397535225447
agent2 & agent2_selection;0.02948222604344309;0.00548172959844581;0.03295126260783521;0.02750130865456868;0.03811600465551199;0.022357299432672673;0.026485254866626895
agent1 & agent1_selection;0.027510397181509272;0.004632556792863137;0.029162981071073124;0.020606961824327114;0.03478538940566464;0.02748330756193984;0.02551334604454164
DecisionFactorChangeSign;0.0022007532187230837;0.0016002864500057094;0.004348419609312537;0.0012111850336518348;0.0023449386029385233;0.003330637363184563;-0.00023141451547203928
NumDiagonalDirections;0.0021944914389254388;0.0034220342957873317;0.0006943356310008808;0.0024194530927987845;0.008283068919225117;0.0017365703058591364;-0.0021609707542567247
NumConvexCorners;0.0020542361804990806;0.001496476681788534;0.00419924524628193;0.0021883106326670843;0.0024145327134085792;0.0019521658261080488;-0.0004830735159702393
PlayoutsPerSecond;0.0019417110956030993;0.004865113277609862;0.0036705306603021792;-0.004419167724016182;0.009351928774608442;0.003392229690452414;-0.0022869659233313577
BoardSitesOccupiedVariance;0.0018864492606298577;0.0015361800403639334;0.004558884689539189;0.0023686745451649005;0.001164761785829277;0.0013570874604149075;-1.716217779898499e-05
MarkerComponent;0.0018696880281195982;0.0006651090925674821;0.001181687056848374;0.0021611891874883105;0.002364564182158746;0.0026582918665958855;0.0009827078475066753
NumInnerSites;0.0018502824772669902;0.0014943377334736725;0.0024983991910343395;0.0018393139284701154;0.004093914639143409;0.001293554523375151;-0.00047376989568806427
MoveDistanceMaxDecrease & MoveDistanceMaxIncrease & MoveDistanceVariance;0.0017587222425744897;0.0019164756496758766;0.0020504514343656077;0.0017269855109685595;0.004448086952732522;0.0021138312180442598;-0.0015457439032385
BranchingFactorMaximum & BranchingFactorVariance & DecisionFactorMaximum & DecisionFactorVariance;0.0016747782379698318;0.0019605459874288966;0.00033331942386155555;0.003184130757105219;-0.00032608113476670364;0.004765856007459712;0.0004166661361893753
IsPieceAt;0.0016452557163354365;0.000985391698291367;0.0024551528504620224;0.002109971079350681;0.0007575940595905828;0.002700836252754163;0.00020272433951973312
PieceNumberMaxIncrease;0.0014801869632649956;0.0006033442223494982;0.002405111879485805;0.0007915525894955089;0.0008450707930757195;0.0016183039309310698;0.0017408956233368744
SpaceConditions;0.0014682962586363424;0.0025740776550134234;0.0038361566245144474;0.0007918435871023255;0.0015453607586433937;0.004154448239304498;-0.0029863279163829526
SetVar;0.0014548036546894682;0.0008244355103558938;0.0016071771623212272;0.001007407111624531;0.002987103027748239;0.0006604946792466981;0.001011836292506646
MovesPerSecond;0.0014207428359710172;0.0011953191790004475;0.001505022248458776;0.00039525308986823604;0.0025398715991092613;0.0028837067487249013;-0.00022013950630608847
MancalaTwoRows;0.0014144773136747113;0.002088671440274188;0.0011934223508001385;0.0008908160944875732;0.0054230543628660255;-0.0004349062397801806;0.0
SetPending;0.0014057997851254056;0.000706696470871796;0.0022502350065266297;0.001719026428144782;0.0015595982343413195;0.0013834335428815903;0.00011670571373270655
NotEqual;0.0014053096950911114;0.0012050367451695763;0.0010151298643541473;7.753144268238255e-05;0.0034498352271601085;0.000496397176412533;0.001987654764846386
Intersection;0.0013912122696442153;0.0011665421067802058;0.0009545287505922928;0.0020178822291054554;0.0016937572893068742;0.002878132564253344;-0.0005882394850368899
Symbols;0.0013761837882774574;0.0008494187110265505;0.00037913198445496676;0.0021211709371299903;0.002415435829061452;0.0015607621230935287;0.00040441806764734967
AllDirections;0.0013593306083374945;0.0015301624254745194;0.0025387108890397025;0.0024695337181165067;0.00019114552637525262;0.0026814581828696338;-0.001084195274713623
LeftwardDirection & RightwardDirection;0.0013084049557140376;0.0006439248010395002;0.0021659376174279765;0.0020223030428890842;0.0007265815442005219;0.0008123405508312642;0.000814862023221341
BranchingFactorChangeLineBestFit;0.001304725108615079;0.0014090165812284442;0.0022538891120683358;0.0021763716690992307;0.002127892313893237;0.0014133034417796175;-0.0014478309937650258
OpeningContract & SwapOption & SwapPlayersDecision;0.0012852284075864306;0.0011007725755582658;0.0010397722061599446;0.0020204317139311534;0.0025855701482700444;0.0014305279151491102;-0.0006501599455780993
agent1_playout;0.001279599815843613;0.0017812601323458925;0.00033599210099297117;0.002190775527020211;0.004359120765825342;-0.00033875181560824585;-0.00014913749901221407
LeapDecisionToEnemyFrequency;0.0012189785946800258;0.001523643864207271;0.0030173847656217723;0.00010454767741688298;0.0013682386181357031;0.0026410851104542166;-0.001036363198228446
PushEffect & PushEffectFrequency;0.0012157123170767781;0.0011481095471869765;0.003298260422259114;0.0014218457932698991;0.00016035707065784055;0.0010095113408602752;0.00018858695833676165
ForEachPiece;0.00120207555453567;0.0010582022310677529;0.001390774320604804;0.0006579915243198342;0.003180647666965436;0.0005231655442550776;0.0002577987165331974
IsFriend;0.001159642647990522;0.0011309102509264274;0.0022989098921041284;0.002406617228450064;0.0014103883834682696;-0.0001257648762929553;-0.00019193738777689706
DurationTurnsStdDev;0.0011446115808900648;0.003477696802934472;0.0024860495027102802;-0.0001150497112637483;0.005470327664602398;0.002726420490639453;-0.004844690042238059
NumAdjacentDirections;0.0011445737610840667;0.0017867019424894243;0.001363010018921973;0.0036255969734701743;0.002232742636615992;8.77640185638906e-05;-0.0015862448421516961
CheckmateFrequency & CheckmateWinFrequency;0.0011400903158748587;0.0018748139962195117;0.00045576231726077165;0.003848356333750136;0.0014476732316143492;0.0018396750957228036;-0.0018910153989737666
BoardSitesOccupiedMaxIncrease;0.001134537792812701;0.003659246116819087;0.004644434640090844;-0.002154348831796049;0.006218547620039733;-0.0029135876556981577;-0.00012235680857286546
InitialCost;0.0011298805434656555;0.000601747896859559;0.0014626317124838417;0.0017598974432999626;0.0011351274894116359;0.0012917460721328378;0.0
LineOfSight;0.0011214160113433014;0.0009161915714874292;0.0021441264282845707;0.0010439789055069482;0.0020203457129602254;0.0007634443178478612;-0.00036481530788309846
BoardCoverageDefault;0.0011156073587613724;0.0006340247994022851;0.0012683480748419684;0.00024419605483966267;0.0014835935075757645;0.002008705195015975;0.0005731939615334913
SowSkip;0.0011152557402500484;0.0014323718906507897;0.00316520803944928;0.0020634302396569104;0.0012750183735152631;-0.00019401331459914517;-0.0007333646367720659
OrthogonalDirection;0.0010945007961805364;0.0013983335595420074;0.0012150899031560525;0.00010414891309851182;0.003146273112398318;0.001895078258622701;-0.0008880862063729011
NumBottomSites & NumTopSites;0.0010609971555544107;0.0018422483166192747;0.0017519422988860334;0.0008307830004142536;0.003433232441458295;0.001488238692277738;-0.0021992106552642665
BranchingFactorAverage & BranchingFactorMedian & DecisionFactorAverage & DecisionFactorMedian;0.0010581375650344394;0.0022526789080164404;0.0042108832813673724;0.0011979008688899617;-0.0005732121503414234;0.0026121380610306666;-0.0021570222357743807
CaptureSequence & CaptureSequenceFrequency;0.0010379009457138321;0.001639365391646068;0.0015726899025921837;0.0022615569886863807;0.002861807157367835;0.00022422396567312042;-0.0017307732857503588
MoveConditions;0.0010305993915475154;0.0014811611114286488;0.00011981836759467068;0.0033219220740734468;0.002253041631144398;-0.00021013951326961933;-0.0003316456018053193
MancalaBoard & MancalaStyle & Sow & SowFrequency & SowOriginFirst & SowProperties & SowWithEffect;0.0010241245951435884;0.0015019059467967217;0.0009018770466024117;0.00035061954187395883;0.0018747213326920087;0.0032422575918047425;-0.0012488525372551795
Comparison;0.0010204148165108395;0.0011134958046142515;-0.0004741287936159966;0.00140144356945604;0.0028438726971313777;0.001014379424062406;0.0003165071855203705
GreaterThan;0.0010204033976488835;0.001244020803385255;0.0020883801984723227;0.0011891625097099345;0.0023887454458932644;0.0005251156662325895;-0.0010893868320636935
Disjunction;0.001018543379802711;0.0015481979834581186;0.0021579217436596965;-0.001908013554207194;0.002278695588381202;0.0017263562647365782;0.0008377568564432725
SwapPlayersEffect;0.0010155472749946437;0.0006252458743788888;0.0013546749825411597;0.0015368789718438747;0.0016625500057307063;0.00034254445206979844;0.00018108796278767936
Addition;0.0010116371731845875;0.0008957931577182981;0.0008325472040541515;0.0022382953073437073;0.0014492304449836846;0.0010375365760779132;-0.0004994236665365193
NoProgressDrawFrequency & NoProgressEndFrequency;0.0010059081019323014;0.0013632974680938908;-8.835122041289667e-05;0.0029352725467641505;0.002387630821624326;-4.450240549466744e-05;-0.00016050923281940577
EncloseCapture;0.0010056892857123524;0.0008138039143330664;0.001320052071191985;0.002280936611071288;0.001100053037129456;0.0004461168117461667;-0.00011871210257713427
Timeouts;0.000997530332448282;0.0022187227142720675;0.0003664530129727228;0.0009327565008286354;0.005232454195278874;-0.0006880410656456282;-0.0008559709811931937
OutcomeUniformity;0.0009614749081274188;0.004463248972819255;0.005814544624757584;-0.004378880986636302;0.005970718185381529;0.0011718020858893785;-0.003770809368755096
ScoreDifferenceMaxDecrease & ScoreDifferenceMedian;0.0009575915544009939;0.0012842615915566143;0.0019168572286251961;0.0019072775329626868;0.001387917730913929;0.0011114431169744754;-0.001535537837471318
NoMovesLossFrequency;0.0009564966167823763;0.0006156668028139814;0.0008606860205336575;0.0016530217299805527;0.001646226384774102;0.0005263916257015333;9.615732292203583e-05
TrackOwned;0.0009393462572466427;0.0012381095331998465;0.002397562424696631;0.000599532181990492;0.0017627867758293336;0.0011640999566338295;-0.0012272500529170727
ThreeMensMorrisBoardWithTwoTriangles;0.0009361641184515823;0.0012502232598552811;0.0002741098891185789;0.0;0.0034092345555288006;0.00046864270583327206;0.00052883344177726
Operations;0.0009333967355330042;0.002641214307013459;0.0013535347946149745;0.0028314747193126932;0.0034236430579840382;0.0011116902043436516;-0.004053359098590337
BoardStyle & GraphStyle & Vertex;0.0009320702638560885;0.0010105263788242876;0.0008061802314196787;0.001740936610029692;0.0022463959063119265;0.0005307656253048798;-0.0006639270537857345
NumOuterSites & NumPerimeterSites;0.0009264365041219136;0.0029528256522376155;-0.0008645596303914205;0.0010188029593105052;0.004604855263769525;0.0034642289522054948;-0.0035911450242845366
FromToDecisionEnemyFrequency;0.00092143183672041;0.0009857154092705058;0.0010691138438397307;0.0006904416444845074;0.0025911493073368097;0.0007351473921798635;-0.0004786930042388615
HopEffect;0.0009073674295491385;0.0005262644527471423;0.0016048434722005511;0.00035104506630528887;0.0014344175954940641;0.000782757633591119;0.0003637733801546694
CrossBoard;0.0009016136605789094;0.0008617141458081411;0.0007853040314755311;0.0019728823278910013;0.0017370472854991437;0.0003606133004074863;-0.00034777864237861555
Style & Visual;0.0008970768232713811;0.0004668667037091155;0.000218373076411843;0.0014830500166118643;0.0011779824454289656;0.001110565571407346;0.0004954130064968865
MoveDistanceChangeNumTimes;0.0008929552626956161;0.001425850223473695;-0.0004600509813781628;0.0016997620014120862;0.0026556792384969663;0.0016697055870374955;-0.0011003195320903048
BranchingFactorChangeMaxIncrease & DecisionFactorMaxIncrease;0.000877389152528324;0.0025120568118649866;0.0027231064622854073;-0.002495842582738661;0.0032805555518690133;0.0027426253087476093;-0.0018634989775217492
NoOwnPiecesEnd & NoOwnPiecesEndFrequency & NoOwnPiecesWin & NoOwnPiecesWinFrequency;0.0008730374057053847;0.0006726411950767207;0.0017734692036757982;0.000735370451986711;0.0014947338322402748;0.0003901250945319845;-2.85115539078451e-05
PieceDirection & PlayersWithDirections;0.0008665529197772248;0.0009846456052135493;0.0012512131772394464;-7.327115210570279e-05;0.0014086353361668635;0.0022002076176497187;-0.00045402038006420176
AdjacentDirection;0.0008577604601880228;0.001402980026130352;0.0022409366438695677;0.00015890200056381532;0.0026868489451153943;0.00028516816380211307;-0.001083053452410776
SowBacktracking & SowBacktrackingFrequency;0.0008535929247650287;0.0011059199234866443;0.0026706677288720893;0.0012071300448903977;0.0006975177117127251;0.0004097988340357184;-0.000717149695685787
FromToDecision;0.0008437089870774794;0.0013004427659222917;0.002054843339280077;0.0008919971343996358;0.0024212965372872597;-8.823500193877454e-05;-0.0010613570736408007
NoMovesNext;0.0008295816412039137;0.001264728728933225;0.0025663944500968483;0.0009557534204543972;0.0004330516532468076;0.0014625123040452048;-0.0012698036218236897
SetValue & SetValueFrequency;0.0008220038821340481;0.0007431625730609458;0.0007632267521437974;0.002246646195801727;0.00018900314916811545;0.0006275563909799164;0.00028358692257668405
NoMovesMover;0.0008194434307088383;0.0010848819873307818;0.0016231584915728792;-0.0010696310197420844;0.001695093673254322;0.0015882001594156037;0.000260395849043471
Set;0.0008168285238047857;0.0007720852647112943;0.001321536290087022;0.0019244981646402426;0.00023714637603181044;0.0008615758841137022;-0.000260614095848849
SetNextPlayer;0.0008059521329305819;0.0008033269113043171;0.0018384453057983252;0.0004834206363557303;-0.00036663546181250894;0.0015732822916330047;0.0005012478926783581
GroupEnd;0.0007948572175478618;0.0011394879504981542;0.0011920033294828547;0.002606488057791456;-0.00018359688987554246;-0.0006382935139312151;0.000997685104271756
MancalaFourRows;0.0007919622781009661;0.0007850764228573483;0.0018124580806834212;0.0012425291717876874;0.0010092812569770515;-0.00047928760737642184;0.0003748304884330922
agent2_playout;0.0007914277935433367;0.0012949068016293967;0.0021622665331715307;0.002284550281212966;0.0003196617857783024;0.000367159945129758;-0.0011764995775758735
ForgetValues & RememberValues;0.0007839724890647715;0.000976693060042009;0.0018848091499304997;-0.000852376503133051;0.001203928145331934;0.00025135779492618804;0.0014321438582682866
ProposeDecisionFrequency;0.0007821839821099463;0.0018657113605725628;0.0016328363398801227;0.0;0.0034146535255689114;0.001088752208387056;-0.0022253221632863585
NoMovesDraw;0.0007696070796659127;0.0008894099251373759;0.00015699911395691823;0.0007041470423197194;0.001935745950447404;0.0015494588677700538;-0.0004983155761645319
SameLayerDirection;0.0007678805951876533;0.0017790165991023368;0.001917366256770997;-0.0005199605977949107;0.003654553209734096;0.0;-0.001212555892771916
Math;0.0007671493891066528;0.0009593879468369463;0.0009780780452232074;0.0007332838934921704;0.00239441230353582;0.00023962451567455245;-0.0005096518123924865
Multiplication;0.0007457788528251353;0.000638446290189525;6.571944491634563e-06;0.001028902729202169;0.0017130818046942886;0.0009055810018813726;7.475678385621132e-05
Asymmetric & AsymmetricForces & AsymmetricPiecesType;0.000745763389672005;0.0025710822534127224;0.0011185971570510933;-0.0022917879688295895;0.005292639256797016;0.0005924838633836749;-0.0009831153600421694
Distance;0.0007376452973180403;0.001376346706375114;0.0004646442955383856;0.0004311162404828095;0.0029188757641856466;0.0012140329767907354;-0.0013404427904073757
State;0.0007345388914128837;0.002009073101413097;0.0015752928340899974;0.0009930583733384346;0.0033280698289547272;0.0006003530177799976;-0.0028240795970987387
HopDecisionFriendToEnemyFrequency;0.0007313584672623164;0.0008911944028065033;0.0019120410231646123;0.0017277850210935253;-4.243466671813301e-05;5.039425718397772e-05;9.00670158759942e-06
StepDecisionToEnemyFrequency;0.0007280779152995687;0.0021733553495892942;0.0017773425884833327;-0.002525558077227902;0.0033082160937331906;0.002153041419855062;-0.00107265244834584
CountPiecesMoverComparison;0.0007278467788745469;0.0008727057903389838;0.00038964497261420594;-0.00019285624921427935;0.002312557842560986;0.0009401892170500248;0.00018969811136179682
NoTargetPiece;0.0007210134254778955;0.0009336822128940038;1.9746300749717838e-05;0.0010840452603227413;0.002402675195706666;0.0;9.86003706103522e-05
FromToDecisionEmpty;0.0007110442986231425;0.0004730725156201127;0.0007497729618555771;0.001402682043431025;0.0009759231047263561;0.00040539570765321664;2.1447675449537407e-05
AlquerqueBoardWithTwoTriangles;0.000708456960761128;0.000824353621435313;0.0006347007247304026;0.0;0.0022546441960183405;4.041588195197177e-06;0.0006488982948616995
PloyComponent;0.0007057874337000781;0.0004693071494724174;2.0120899652475988e-05;0.0012432403595886155;0.0008874716424066009;0.0010819150020120738;0.0002961892648406239
ControlFlowStatement;0.0007028663956269498;0.0009680567518210588;0.0011619834627755177;0.0014143612373287429;0.0008460116753538638;0.0012879995638105934;-0.0011960239611339685
RemoveEffect;0.0007025450249468323;0.0007746438518478226;0.00021667583246609556;0.0013610835625892381;0.0018675729958810006;0.00023195929896399625;-0.00016456656516616874
NoPiece;0.0006983610163291021;0.0006567361671712218;0.0015723217751598961;0.001410256120252057;-7.905211591829886e-06;0.0002699453867975321;0.0002471870110278551
NoSiteMoves;0.000693095597001786;0.0007784468215882113;0.0005524230443318123;0.0019490248633564078;0.00032804951321696585;0.0010314619153874993;-0.00039548135128375517
PromotionDecisionFrequency;0.0006832021092494977;0.0019585775194131917;-0.00010979200817956558;6.584459300387757e-05;0.0023205422372775397;0.003350311658146282;-0.002210895934000645
Tile;0.0006743749074027861;0.0007390752148141656;0.0013669177228775586;0.0017598974432999626;0.00019079508226907405;5.4429602591804516e-05;-1.653140244695095e-07
NumOrthogonalDirections;0.0006717874687721948;0.0020425722968691845;0.00018165762788593942;-0.0022745985047286643;0.004119077370542679;0.0008325700170479788;0.0005002308331130412
Moves;0.000668633116030004;0.0014975818482561945;0.0;0.0;0.0036540976238457756;-0.0003109320436957552;0.0
GreaterThanOrEqual;0.0006651823898548792;0.0026878542057072424;0.0009008956588484052;0.00021474337250423914;0.004978207532750745;0.0007212797392844028;-0.0034892143541133958
ScoreDifferenceChangeSign;0.0006590114478219166;0.001145736720428212;0.0006959406243785271;0.0007444478654971831;0.0015227687209164453;0.0017972997981697825;-0.0014653997698523547
MancalaThreeRows;0.0006542517938385617;0.000631676116178654;-0.00019577030597911493;0.0017598974432999626;0.0007030331519212729;0.0004758490386316261;0.0005282496413190618
Variable;0.0006504341507276746;0.001166157760472677;0.0007842893531815054;0.0023292577643738988;0.0009643290178961428;0.0004825706357309556;-0.00130827601754413
NoMovesWin;0.0006492092732240884;0.0010300863168395142;0.0017585286333836603;-0.000642824193102326;0.0003876466612738605;0.0019292567206893318;-0.0001865614561240847
PieceCount;0.0006391598330029724;0.0016369770450325978;0.0021341439192848755;0.0005733107219637879;0.002143666131042582;0.0006876759485663908;-0.002342997555842774
SlideEffect;0.0006380682100315227;0.0009627350896473215;0.0022849314309487945;0.00017130782157084856;0.0010071427193426574;0.0002924779797034982;-0.0005655189014081852
FairyChessComponent;0.0006365474470629684;0.0008392859016233985;0.0013640215879915374;0.0;0.0014881257014770777;0.0010073904345781481;-0.0006768004887319212
ChessStyle;0.0006365090226637171;0.0011450936712675674;0.0009459074329431216;0.0013240079781716152;0.0016438342761019298;0.0008519068649375794;-0.0015831114388356604
DurationMoves & DurationTurns;0.0006252213773076942;0.0030168148143474905;0.004220611731709845;0.002472857886298502;-6.827360346189915e-05;0.001200481182499602;-0.004699570310507578
LesserThan;0.0006216261518924681;0.0010538404450579474;0.0020785673128559667;0.000651760795164047;0.0012293027009880608;0.00023229567111457405;-0.0010837957206603077
CopyContext;0.0006176838323876888;0.0009381208291217605;-4.4985389069274184e-05;0.0020679793096642085;0.0013609225626970978;0.00011079376193082191;-0.0004062910832844102
StackState & StackType & StateType;0.0006135009880141151;0.0006285329577788714;0.00015378350457198597;0.0007655116893768021;0.0017595675632350039;-5.234760245276249e-07;0.0003891656589113113
SowRemove & SowRemoveFrequency;0.0006087781983187656;0.0008333476987274709;0.0010477294559885497;0.0013472509672963207;-0.0003495233920230434;0.0014457824661844587;-0.00044734850585245733
TwoSitesMoves;0.0006085225329588995;0.0007755168407183198;0.0008856400991620605;0.00020915938472051976;0.00046092078863338437;0.0019080602345269704;-0.00042116784224843773
MoveAgain & SetMove;0.0006085064375566718;0.001835047572057417;0.001171381449753317;0.0012496993229813569;0.0031528368014704378;-0.00012328742391690128;-0.0024080979625048515
DurationTurnsNotTimeouts;0.0006067893328254748;0.006932159753375537;-0.010551169544251143;0.00394815759349651;0.010064214935917859;0.002415091804679026;-0.0028423481257148775
PromotionEffect;0.0006044803350467864;0.0011649521965393145;0.0028241874291994595;-9.190887367005462e-07;-0.0004907211363718855;0.0006257814406920303;6.407303045102841e-05
AddEffect;0.0006027356526297322;0.0011525512430204544;0.0025454681487879216;0.00032058321242592336;0.0011082047506650317;-0.0001747821241301073;-0.0007857957246001079
SquareShape;0.0005974744730927184;0.0010641041461221528;0.002187755326577029;-0.0004424032966652003;-0.00021546728832871898;0.0015521245300380015;-9.463690615751919e-05
PieceNumberVariance;0.0005947431394969394;0.001713025507992718;0.0002085163531845846;0.0008566053829098252;0.0031857162358530366;0.0008942986942836184;-0.002171420968746368
ReachEnd;0.0005920656455723373;0.0007421697984939956;-0.0003009409648805639;0.001632875817923124;0.0012746895210341835;0.0003537038537849424;0.0
NoMovesWinFrequency;0.0005894167072458212;0.000705503479603115;0.0010640423720081615;0.0014622113786874058;0.00032664961475778465;0.0006968411392793972;-0.0006026609685036433
RegularShape;0.000588567131780815;0.0006807563339653773;0.0010904932985283944;0.0005187953242865029;0.0010856020683257528;0.0009551186344845253;-0.0007071736667211004
InterveneCaptureFrequency;0.0005869480728625143;0.0006764313624450448;0.0;0.0017990606419232835;0.000314035081451558;0.0;0.0008216446409377298
MancalaStores;0.0005801428868067893;0.0005460973550809048;0.000105770306416203;0.0016237414451978904;0.0003709778078146708;0.0005850615576874219;0.00021516331691776025
TriangleTiling;0.0005791488415740398;0.0013914828298686246;0.0013033474920520205;0.0015314103438444082;0.0017406342036301314;0.0003588922841678277;-0.002038540115824189
AlquerqueBoardWithFourTriangles;0.0005785316234719395;0.0008137486651746211;0.0005122300017872394;0.0021658159952886447;4.303722676474164e-05;0.0;0.00017157489351907196
BoardSitesOccupiedChangeAverage;0.0005684708570722008;0.0021830882875196744;0.0035802139915455666;0.0013711369927742467;-0.0006152129796522243;0.001404042488909213;-0.002897826208215798
PieceNumberChangeLineBestFit;0.000554210088573076;0.0022589403374438507;0.0030182890096291104;-0.0028948025804094724;0.0017762343471289799;0.0021713541310656725;-0.00130002446454891
Stack;0.0005455747332666627;0.000697560275769928;0.00038415608251393674;0.0012635684931726066;-0.0002104482462414181;0.0014514996978243488;-0.0001609023609361604
agent2_score_bounds;0.0005387337330998332;0.0011201079421299344;0.0009275642717078425;0.0016103669521037034;0.0010101843692120749;0.0007738614107691555;-0.0016283083382936103
LeapDecision & LeapDecisionFrequency & LeapDecisionToEmpty & LeapDecisionToEmptyFrequency & LeapDecisionToEnemy;0.0005379400378128063;0.0026919162473976496;0.0009071142822307532;0.0004039619005090367;0.0030407101099060307;0.0027790634714292273;-0.004441149575011016
Modulo;0.0005354984057797052;0.000776973522589635;0.0009826252233509358;0.0008344537674260799;-4.555025615399222e-05;0.0015433730897696507;-0.0006374097954941482
BranchingFactorChangeSign;0.0005203618055070636;0.0018720236038034712;0.0027361050241407336;-0.0014330396751352503;0.0017485700343289334;0.0015325994757335315;-0.0019824258315326304
HopDecisionFriendToEnemy;0.0005153764379875359;0.0005701537583967235;0.0004199974211192836;0.0008373987603297606;-0.00012968207763441875;0.0014348462747429402;1.432181138011357e-05
TerritoryEndFrequency & TerritoryWinFrequency;0.0005142594023060387;0.0006054888184051821;0.0006011430382653615;0.0011298731319051014;0.0008740901945978319;0.0005966121362060428;-0.000630421489444144
HopCaptureMoreThanOne;0.0005049799864181692;0.000571794871563819;0.001271290755573501;0.0010880405268291482;0.0003068014943581887;-1.7428450144879593e-05;-0.00012380439452511216
SlideDecisionToFriendFrequency;0.0005034743553581411;0.0006573942780270244;0.0;0.0010985282580298628;0.0013695175892751432;0.00043981897863756836;-0.0003904930491518688
CanNotMove;0.0004998920325210432;0.0006676262047537826;0.0005213901187664793;0.0003325465757454682;0.0017311170098809336;0.00017540022401610345;-0.00026099376580376865
PieceNumberChangeAverage & PieceNumberChangeSign;0.0004997166975180545;0.002157294269813545;0.0025167616891004496;0.0005889415512533303;0.00228020899180173;0.0006141923386349946;-0.003501521083200232
HopDecisionFriendToEmptyFrequency;0.0004987295947692649;0.0012321582929412638;0.0006273847227632467;0.0021383202698220527;0.001279989792538072;-5.9817202815143355e-05;-0.0014922296084619036
NoPieceNext;0.0004925217064296605;0.00045215761175849034;0.0010569573816415212;0.0009101401861387748;0.0005373280307875983;-2.3240340916219626e-05;-1.857672550337197e-05
NoPieceMover;0.0004875317960876868;0.00078322534020751;0.0006479979577352357;0.0015631919003723238;-3.7213022731907852e-06;0.0009414329139105504;-0.000711242489306485
DecisionFactorChangeLineBestFit;0.00048610057882193526;0.0008932724782290968;0.0016764779295802001;-0.0008556729518614803;0.0008588094761672882;0.0009272243281986114;-0.00017633588797494326
ConditionalStatement;0.0004851922121067609;0.0017068538041848254;0.000991111646023557;-0.0027543736336812508;0.002247789845189585;0.0006259051168112928;0.0013155280861906204
Piece;0.00048218070442722084;0.001231123616564213;0.0029134608445328114;0.0;0.0;0.0;-0.0005025573223967073
Exponentiation;0.000482130706250139;0.0007332575522506294;0.001002688094526194;0.0015010149479396662;0.0;0.0004956121664875801;-0.0005886616777027454
Equal;0.00047698938617817265;0.0019905349405558025;0.0013478725454403317;-0.002109022749545636;0.0023957881673336567;0.002456346575810564;-0.0017060376081480533
Misere;0.00047103661416961207;0.0014239524079162008;0.0029296106713104786;0.0006194618408566777;0.00018888013798690206;0.00011158673552918996;-0.001494356314835188
Negation;0.0004693087077288716;0.0007758962835230456;0.000752256404119328;0.00039309182948218946;0.00039236621208832423;0.0016106201986231805;-0.0008017911056686644
Efficiency;0.00046701428542998414;0.0006297077191618908;0.0002558027799569318;6.846499726875788e-07;0.0;0.0016902449631587824;0.00038833903406151893
CanMove;0.0004655005229353526;0.0007312529202380962;0.0007594004962996892;-0.0005904458067524099;0.0014094321927144993;0.0009059269424725735;-0.00015681121005758913
BranchingFactorChangeAverage;0.00046192258211392724;0.0011634000875683783;0.0021389535738474963;0.00023706619335805978;0.0011139946353506402;0.0002052175459337502;-0.0013856190379203104
InitialScore;0.00045240128735222763;0.0003822934097259786;0.0009612193144995784;0.00019515417521354106;0.0008626967376061112;0.00021710673424321647;2.5829475198690943e-05
Connection & ConnectionEnd & ConnectionEndFrequency;0.0004522935129047556;0.002201806322760498;0.0009954406177536679;0.00108610647152807;0.0022215728603107443;0.0018140031699187542;-0.0038556555549874583
MancalaCircular;0.00045168592436126696;0.001138514648251417;0.0;-0.0004441457190484943;0.002702575340854829;0.0;0.0
BranchingFactorChangeNumTimesn;0.0004492342102600189;0.0011088463822887314;0.0026522077338364536;-0.0001719296582794183;-0.0002981469351075461;0.0;6.403991085060512e-05
Cell;0.0004447778439995276;0.0022334259283620095;0.0016199934880671285;0.0009079674442582231;0.0021653760838656055;0.001480360811918019;-0.003949808608111338
NumComponentsType;0.0004443510194742983;0.0023053755600970813;0.00313164717590636;-0.002623370280831122;0.0016020595383688385;0.0020927333891951616;-0.0019813147252677465
MovesEffects & MovesNonDecision;0.0004402934412689852;0.0011826699766357828;0.0018493262292159918;0.0003499389393166463;-0.0004821296082958837;0.0016688106012098247;-0.0011844789551016532
CountPiecesNextComparison;0.0004315181121179512;0.0007099735090476203;-0.0007905752635750385;0.0003128481994446597;0.001360125731203754;0.0008185225790931783;0.0004566693144232026
NumColumns;0.0004292716842368927;0.0014730552462339556;-0.00013234023896069314;-0.0001644593350903778;0.0032683040790061624;0.00018073307318047793;-0.001005879156951106
Priority;0.00042531111320114333;0.0016805437850814678;0.003469220704915066;-0.00131675172364637;0.0002806893086329254;0.0005985191880084895;-0.0009051219119043941
MovesDecision;0.0004237916314008217;0.0015193142831109547;0.000717290935039222;0.0025451758665111235;-0.0003733071016665812;0.0011978057815679177;-0.0019680073244475738
HexTiling;0.0004196590019076185;0.0004049274101549098;-0.00010276384945323569;0.0008002205140963115;0.00028461083585029634;0.0009737463405233848;0.00014248116852133563
IsEmpty;0.000416975022178967;0.0016020352519542814;0.0011109340625786168;-0.0011582815224543963;0.0030951622785077015;0.00025421997235061666;-0.0012171596800877038
ScoringEndFrequency & ScoringWinFrequency;0.0004075526268152163;0.0006780026560116399;0.0008703050383048472;-0.00028163313420515035;0.0009377368528547814;0.0010563311678896958;-0.0005449767907680925
Capture;0.0004061252147896877;0.001019177054803437;0.0008485225797483231;0.00032155272316172767;0.0014508381368217027;0.0009122833722871315;-0.0015025707380704467
LeapEffect;0.00039843627533567847;0.0007169765582471885;8.18738919242945e-05;0.001654596547969872;0.0;0.0006695874780466016;-0.0004138765412623757
ReachEndFrequency;0.0003983263441454665;0.0014613656585633083;3.764919635534936e-05;-0.0017740860772634814;0.0011400504473101924;0.0026493382705406188;-6.13201162153465e-05
ReplacementCapture;0.0003968989460137906;0.001766122851659813;-0.0003901622528744153;-0.001995585396731614;0.003388734298513524;0.0008674546117763138;0.00011405346938514471
GoStyle;0.000394413657247239;0.0010822732689571657;0.0011231156777980478;-0.0007639273188517759;-0.001079162189739552;0.0013207463407685915;0.0013712957762608835
MaxDistance;0.0003897445064262817;0.0007794890128525634;0.0;0.0019487225321314083;0.0;0.0;0.0
HopDecisionFriendToEmpty;0.00038960617332373104;0.00033558292322128356;0.0;0.0;0.0007035141024247238;0.000784587157670158;0.00045992960652377346
PositionalSuperko & Repetition;0.00038407259290796356;0.0010176421087408967;6.063624174434956e-07;0.0024082988008369;-0.0003011586830102275;-3.29473531337221e-05;-0.0001544361625705759
NoProgressDraw & NoProgressEnd;0.00038139681730717245;0.000642927833687455;0.00015738695738815034;0.0016629841717301364;3.77953112623286e-05;0.0;4.8817646155246974e-05
LesserThanOrEqual;0.00037640998537741277;0.0010378042116125543;-7.03303751565798e-05;-0.0011533256301438366;0.001913387162555985;0.0010358419207463498;0.00015647684888514535
Algorithmics;0.0003759504282248638;0.0007827300958870309;0.0018056596186136198;-0.0005050815448503776;-8.960274046856953e-05;0.00044128029267090363;0.0002274965151587427
MovesOperators;0.00036310454531578997;0.0005099526830863034;0.0005752033199237783;0.0007800180527190725;-9.374806938639013e-05;0.0009319759102267844;-0.0003779264869042953
StepDecisionFrequency & StepDecisionToEmptyFrequency;0.00036306337161172154;0.003959590818790169;0.0037889487621682316;-0.005547447981352871;0.00556581738437309;-0.00030382916754359557;-0.001688172139586247
DecisionFactorChangeAverage;0.0003564696624246244;0.001843403069911758;-0.001488676658854965;0.0012019241758568777;0.002704557043877509;-0.0021133779297672906;0.0014779216810109908
DiagonalDirection;0.00035623996360463207;0.0006867729152667637;0.00036768185904245687;0.001629689421753483;0.00019747740899844768;-1.036558319944536e-05;-0.00040328328857178186
agent1_exploration_const;0.0003543266477631257;0.0013544975907976895;0.0008021633409794338;0.0017280476162459257;-0.0015304624865730143;0.0017147054223743963;-0.0009428206542111128
Meta;0.0003535129325763109;0.0008136172051558642;0.0006762916394085217;-0.0011254998715176379;0.0012285175113868896;0.00016776762959569425;0.0008204877540080868
NoOwnPiecesLoss;0.00035292832244001037;0.0007147366282721151;-0.00019735770597634206;0.0017598974432999626;0.0;0.0002021018748764314;0.0
DiscComponent;0.0003494221200458558;0.002180276849626838;0.0016799842359938588;-0.003354293603382019;0.0028167505644178525;0.0013482758802450812;-0.0007436064770454942
BackwardsDirection;0.0003489795922373973;0.001375819948402403;0.0011216949852567715;0.002204899490986678;0.0007084764007899425;-0.0005012036180047641;-0.0017889692978416416
SpaceEnd;0.0003445260466435507;0.0015588965390685406;0.0017106181273195964;0.0018365449834276681;-0.0023076939599121216;0.0009497463055541944;-0.0004665852231715839
Parity;0.0003360273512255929;0.00046643633072904233;0.0004234095329411769;0.0005856199245153626;0.0004150825770868616;0.0008081196881940533;-0.0005520949666094899
PieceConditions;0.0003352409333299333;0.0005129571743574325;3.8176961493829875e-05;0.0007731244244120472;0.001116024735145854;-9.970852590024393e-05;-0.00015141292850182064
Maximum;0.0003287782815022622;0.0005937191179245318;0.00034036590747643647;0.0011383965341637547;-0.0005209306527958757;0.000781484186498288;-9.54245678312926e-05
AlquerqueTiling;0.00032462940283164434;0.0019504850114560016;0.00037986629350039713;0.0012959067698106175;0.002627427556545936;0.0005613527172493582;-0.003241406322948087
AlquerqueBoardWithOneTriangle;0.00032398738020518735;0.00027117682618082767;0.0004957356584263384;0.00047591649288278304;0.0;0.0;0.0006482847497168154
Fill;0.00032363567522557534;0.0004498281023731094;0.00046965591966485754;0.0;0.0011466676661933684;1.8547902696508523e-06;0.0
NumComponentsTypePerPlayer;0.0003231135243728478;0.0019018279519962737;0.001213878377490346;0.001861779954566739;0.0023714296114820954;-0.0013228512982575436;-0.002508669023417398
TableStyle;0.00032119017387777227;0.0007218203266152239;0.0;0.0017598974432999626;0.0;0.0;-0.00015394657391110123
CountPiecesComparison;0.00031955293964160413;0.0005038062056562062;0.0004892209819278848;-0.0002333257215994533;0.001198699168692141;0.00021081022020197349;-6.763995101452536e-05
QueenComponent;0.0003172621337270143;0.0006294160962617698;0.00023991674438034183;0.0015467465480683285;0.0;-1.6379225077162163e-05;-0.0001839733987364367
PolygonShape & Shape & Tiling;0.0003115024889397633;0.0017649439009259043;-0.0010386839603646336;0.0006829235604265405;0.00361012687928422;-0.0007028556958489085;-0.000993998338798402
PawnComponent;0.0003077625554284258;0.0003630912445302952;0.0006447452749565874;0.0001587547893946717;0.0008267441837016276;0.0;-9.143147091075776e-05
PachisiBoard;0.000299590279677181;0.0004968271610407015;0.0;0.0;0.0012786117167375155;0.0;0.00021933968164838946
NoMovesLoss;0.00028954741390550543;0.00037213529985748547;-9.026730518890691e-07;0.00040526234886234525;4.068706690171786e-05;0.0009719958630328152;3.069446378253793e-05
BackwardLeftDirection & BackwardRightDirection;0.0002872546362933326;0.0006453870959088288;0.0003761811964130557;0.0009338019275632325;0.0;0.0009215521950777517;-0.000795262137587377
agent1_score_bounds;0.0002841520729391256;0.0009891376214801167;0.0008407218397497862;0.0009283524580579738;0.0006356385040926227;0.0006994324368291838;-0.0016833848740339385
DecisionMoves;0.00028117522691093464;0.0009744936428703035;0.001591704569927549;5.1559322478716973e-05;1.4629264002086195e-05;0.001008745809275402;-0.0012607628311290808
BoardSitesOccupiedAverage & BoardSitesOccupiedMedian;0.000278142756384947;0.001077953451500745;-0.00013090227321357895;-0.0007013229908304219;0.00012149095820698785;0.0023669580189693284;-0.0002655099312075804
EliminatePiecesEndFrequency;0.0002778330351180691;0.0009894185443540123;0.0007007962993368644;-0.00010785748341674006;0.00197152161742542;-0.0009041879953814169;-0.000271107262373782
MaxMovesInTurn;0.0002772579544448761;0.00028751537707109273;0.0002468793612071529;-0.00017533845095257794;0.0007188191168045477;0.00037453275793253304;0.00022139698723272483
Pattern;0.0002724644828172917;0.0009577050975467683;0.001919253218444411;-0.00029750359535310467;0.0007209737960362783;-0.0001862743966586644;-0.0007941266083824616
Complement;0.00027017641644089816;0.001984254738504525;0.0012660235321108881;0.0006237992141737148;0.0012039205871309244;0.0018754914994579264;-0.0036183527506689628
SemiRegularTiling;0.00026805020577688743;0.0006455142844075393;-9.911610451537878e-05;0.0002230983081618343;0.0015057800256449982;-0.00033687445724917;4.736325684215337e-05
SlideDecision & SlideDecisionFrequency & SlideDecisionToEmptyFrequency;0.00025152440758316463;0.001425985222282027;0.0024481651633680157;-0.002027247372638763;0.0002974602744882371;-9.077587252437347e-07;0.0005401517314235771
TriangleShape;0.00025130581137851603;0.0016495199624465212;0.0003867500308614158;-0.0003774889121790359;0.002866650524236264;0.0006219851567225987;-0.0022413677427486622
Odd;0.00024887783542439367;0.0008071987412843457;0.0018066952826011617;-0.00013236973044636335;-0.0005164750938253249;0.00013098861983568133;-4.444990104318647e-05
HopDecisionMoreThanOne;0.00024775416272207473;0.0013863333124827944;-0.00021353499454074276;0.0003228218507196623;0.0027241111715971544;-6.434017655032598e-05;-0.0015302870376153743
NumCorners;0.0002444808142961719;0.0014631050677408168;0.0023213538672019474;5.229431625378145e-05;0.0008179752726255873;0.0002407110876963825;-0.0022099304722968394
RectangleShape;0.0002409929811865885;0.0008688699095410203;0.0010448146623232568;-0.0006103406656256249;-0.00011611297043045976;0.0014907736184695264;-0.0006041697388037559
NumPhasesBoard;0.00024037977527543997;0.0017536780620350091;0.00033067261841412954;0.001075730613927517;0.0009415948032051868;0.0019622938645134647;-0.003108393023683098
ConnectionLoss;0.00023025946540754515;0.0006851404441749021;0.0;0.0015629281276645646;-0.00041163080062683877;0.0;0.0
ProgressCheck;0.00021886090668712387;0.00038319656716687817;0.0003891804497753726;0.0008881164828796473;0.0;-0.00018299239921940047;0.0
PassEffect;0.00021720305703835653;0.0014000066224409123;-0.001012956506901641;0.0009264639003628561;0.0025181150864096724;-0.0013456071946791048;0.0
PieceNumberAverage & PieceNumberMedian;0.00020942575695218624;0.0037761851882515463;0.0016312138057779646;-0.00702142902543601;0.0025350055202794375;0.00029052647967542367;0.0036118120044641155
Implementation;0.00020827319691492098;0.0005660143150391063;0.0004481849228078483;0.0009073161235346738;-0.00031896973109468707;-0.0005861843971914915;0.0005910190665182613
DoLudeme;0.00020624724715581633;0.0004422818813816049;0.0006560498139971949;0.0007993004976902252;-0.0002595802192214003;-0.00022466727687930899;6.013342019237089e-05
Trigger;0.00020487194939381448;0.0009882408508137869;0.0005589235115655289;0.0013250677865658256;0.0008039200418782089;-0.00012651947486638782;-0.0015370321181741031
ForwardsDirection;0.00020436586011350898;0.0014905379651004586;8.363245184853096e-05;0.0015023502246596654;0.002096436485748615;-0.0005823382404033517;-0.002078251621285915
MoveAgainFrequency & SetNextPlayerFrequency;0.00020201342678006218;0.001897848505807185;0.003168335755252022;-0.002394957074281806;0.0011128100300245303;0.00020103245991526242;-0.0010771540370096977
DiceD4;0.00019490666576323922;0.0012972406509752202;-0.00118509776677439;0.002663630070236067;-0.00015950924799801314;-0.00027211457982634357;-7.237514682112423e-05
EliminatePiecesDraw & EliminatePiecesDrawFrequency;0.00019116401983266807;0.00032840035853714514;0.0006601302510521601;-5.392294658373986e-05;-0.0002850137833498856;0.0002990861961762459;0.00033554038186855983
Conditions;0.0001867960653859635;0.0017328195621555405;0.0022852323162371457;-0.002930387876731333;-2.931948514414695e-05;0.0010090424842280066;0.0005994128883401451
ProposeDecision;0.00018349040070717582;0.00109705389926499;0.00027314586283228026;0.0;0.0020402633784176727;0.0;-0.0013959572377140739
ScoreDifferenceChangeLineBestFit;0.0001813748968729323;0.0015139044423080675;-0.0012201071294246912;0.0012739197600359353;0.0017358346697674831;0.0011570063289137733;-0.002039779144927839
MancalaSixRows;0.00018066611314149772;0.0003613322262829954;0.0;0.0;0.0;0.0009033305657074886;0.0
ForwardDirection;0.00018014092995926044;0.0007261011502663218;0.0003046822047094999;-0.0011134372815505;0.00012263773771981068;0.001103049753774371;0.0004837722351431206
FillEndFrequency & FillWinFrequency;0.00017498756507071113;0.0003407699034204114;3.828023989710383e-05;0.0003898611060298429;-8.014060000119394e-05;-0.00020290735892622425;0.000729844438354027
Hand & NumContainers;0.00016832935516996605;0.0008978372136380192;-0.0003621555665683507;-0.0005138139740405445;0.0003169668364277345;0.001861292710581386;-0.0004606432305503949
ForwardLeftDirection & ForwardRightDirection;0.00016317541838833382;0.0005574433869575978;-3.4756951041936546e-05;0.0010695020007966682;-0.00045593277028826984;0.0005095756296230325;-0.0002725108171478252
MoveDistanceChangeSign;0.00015916988834411284;0.0015879298195826145;-0.0014653085007209077;0.0026957314994992265;0.0001311135814555664;0.0009707496195643095;-0.0015364367580776306
AlquerqueBoardWithEightTriangles;0.00015786532644100902;0.00031195960295185744;0.0007796498895854542;0.0;-3.5784933741372926e-05;4.5461676360963876e-05;0.0
NumPlayableSites & NumPlayableSitesOnBoard;0.00015761962873986902;0.002514077564513151;7.928086573177895e-05;-0.00121593530740996;0.0047447898783880005;-4.015926426068073e-05;-0.0027798780287497937
PassDecision;0.0001562118700576487;0.0011454880957276299;2.6334709176678572e-06;0.0013729320139570789;0.0008892212965240787;0.00046361094609853604;-0.001947338377209118
ReachWin;0.00015155911148852507;0.00010635046672529453;8.124203542264619e-05;0.00017902146134252117;0.00031579178135127117;0.0;0.00018174027932618686
Logic;0.00014548431766512883;0.002399693382726641;0.0017006192484846638;-0.0035700987360475778;0.0035469444091948688;-0.00013689930270860406;-0.0008131440305977067
StepDecisionToEnemy;0.00013767928918018146;0.0006240529750271493;0.0002056212945990843;-0.0005199605977949107;-1.6493975327214194e-07;0.0012845354127420106;-0.0002816347238920047
PiecesPlacedOutsideBoard;0.00013359232060586868;0.0014100231086607968;0.0009471014768395458;0.0017029899022426853;0.0006510152961069215;-0.00023436711206040184;-0.0023987779600994075
SwapPiecesDecisionFrequency;0.0001329542042536047;0.00035661254664711827;-0.000248895632225965;4.0596783111968016e-05;0.0008084252830312111;-1.772073857228551e-05;8.236532592309498e-05
AlquerqueBoard;0.0001315683972369086;0.0015329722686233354;0.0023964601340099867;-0.0004204451924998409;0.001410356443902805;-0.001043925720002059;-0.0016846036792263486
Conjunction;0.00013104065204280757;0.0019680714612261376;-0.0017398956794852927;0.0007798116452931991;0.0022199055958151137;0.0020113761096265115;-0.002615994411035494
TaflComponent;0.00013029469542761852;0.0005530087392059225;-0.0003480988428709031;-0.0002330179333155935;0.00024581283465674453;0.0011609281906158897;-0.00017415077194804507
FromToDecisionFrequency;0.00012922083385762394;0.0006951865791127287;-0.00021313492771968257;0.0013456087650879356;-0.0004397908638011927;0.0004506946566241177;-0.0004972734609030582
CustodialCapture & CustodialCaptureFrequency;0.0001284878913886789;0.0009251004833307896;-0.00034655786875037453;0.000695392895061403;-4.234562760105365e-05;0.0015280673430014546;-0.001192117284768035
Minimum;0.00012789391317102327;0.0002660099001613688;0.0005214832822174054;0.00011401021946924605;-0.0003154748675250618;0.00016674740841071678;0.00015270352328281
ProposeEffect & ProposeEffectFrequency;0.00012704176484830133;0.0005551278669691389;0.0011601563892444933;0.0;-0.0005249475650029867;0.0;0.0
HexShape;0.0001195440233457079;0.0011927790329071776;0.00147002058646456;-0.0017107267657342773;0.0010856766267061113;0.0005428042314618575;-0.0007900545621697119
LineLoss;0.00011924837883566796;0.00020286154217701428;8.55967190521445e-05;0.0005018734881894749;-8.948278292256195e-05;0.0;9.825446985928243e-05
LoopEndFrequency & LoopWinFrequency;0.00011619974277813916;0.000335619136280321;0.0;0.0007784344466436055;-4.742311863803472e-05;-0.000150012614114875;0.0
KnightComponent;0.0001155647585023456;0.0004883643133763469;-0.00034913870922934076;-7.28721190057513e-08;0.0;0.0010583619708185443;-0.00013132659695846982
ConnectionLossFrequency;0.00011523422694104669;0.0005093378895019605;2.6720588543388546e-05;5.479026938481901e-06;-0.0007144249529967561;0.00045514048706635224;0.0008032559851537668
EncloseCaptureFrequency;0.00011221566063294719;0.0010450130499932582;0.0007663094596705722;0.0015167099077665336;-0.000532611517069348;0.0003121584173788883;-0.0015014879645819101
LineLossFrequency;0.00011086708139047552;0.000966181279583265;0.001498639809175334;-0.00019413816670380002;-2.604589763052778e-05;0.0006825748026353384;-0.001406695140523967
SetInternalCounter;0.00011043448140983792;0.0006341787196286259;0.001296827080716767;-0.000610054425069062;-0.00013403326180308484;-5.669867954305463e-07;0.0
AddEffectFrequency;0.00010874921765536838;0.0011803006660421134;0.0014362491747240413;-0.0010687885003603792;0.000516086248373987;0.0011521212171030915;-0.0014919220515638987
DirectionCapture & DirectionCaptureFrequency;0.00010716401599146219;0.0009773649795271101;-0.0007593952665184422;-0.0004547152467607174;0.0019972523545110643;-0.0002473217612745937;0.0
CheckersComponent;0.00010338538747858283;0.0012702473381799202;-0.00016444393876280383;0.0011670927692463695;0.0016203126967928028;-8.120641591674582e-05;-0.0020248281739667084
StarBoard;0.00010096423258931786;0.0010042338064839024;-0.00015787854299689763;-0.0015843340286060825;0.000993562411603588;0.0012534713229459815;0.0
Edge;0.00010074297749290139;0.00014286338182248112;0.0;0.0003704108843005094;8.745762447526229e-06;0.0;0.00012455824071647137
SingleSiteMoves;9.870636920283893e-05;0.0013613591823107127;0.0003500115267730808;0.0016136702039143136;-0.0005967541575310487;0.0012737470616477897;-0.002147142788789941
MoveDistanceChangeAverage;9.523761337009717e-05;0.002129694100432808;0.0006393583535632963;1.1218303259952211e-05;0.0019469257345137991;0.001791878886621523;-0.003913193211108085
NoTargetPieceEnd;9.487474225481906e-05;0.0007117495716888723;-0.0003087165509771672;0.0015088890924974396;-0.0002456711710593362;-0.00011702819159919997;-0.0003630994675876409
OppositeDirection;9.009541938754251e-05;0.00022619354951675536;4.412229720612837e-05;0.00025479348725146456;0.0004153479523632819;-2.646226021835174e-05;-0.00023732437966481057
FromToEffect;8.987484325052031e-05;0.0007428620864523334;0.0013590107760072523;-0.00047471330721682303;-0.000265652407077821;-0.0006514013842996436;0.00048213053883963686
ReachLoss;8.785560503002388e-05;0.00017776144833495642;0.0004433644107273149;0.0;-4.086385577195539e-06;0.0;0.0
PieceNumberMaxDecrease;8.595147696223715e-05;0.003520072165226611;0.0015461534510404495;-0.005515348289854977;0.0052085502450870125;-0.0013335350167173465;0.0005239369952560469
StepDecision & StepDecisionToEmpty;8.309999046270389e-05;0.0008205329922924861;2.076480314888718e-06;-0.0003583234173824834;0.0006466774394012775;0.0012555324453925876;-0.001130462995412751
ReplacementCaptureFrequency;7.935299152705966e-05;0.0012193676736646272;-7.714241577130854e-05;-0.0007999687482483087;-0.0016211765112865983;0.0014252440451580084;0.0014698085877835054
Checkmate & CheckmateWin & Threat;7.619121793722705e-05;0.0007718761266490307;-3.0403625125186018e-05;0.0014144926003484548;0.0;0.0;-0.0010031328855371335
StepEffect;7.166550375705128e-05;0.0012710145496952236;-0.0006197112209218592;-0.0014397360021002337;0.0018023940632923008;0.001358455976212869;-0.0007430752976978205
RelativeDirections;7.023082729545882e-05;0.0015624232214384653;0.002788376171201229;0.0002921098452673687;-0.0003061094491622618;-0.002030273892173362;-0.0003929485386556797
Group;6.898167427306645e-05;0.0013622894743083955;0.00021443731384698794;0.0010376357461324148;0.0004896301271274939;0.0011677521805506519;-0.0025645469962922163
Absolute;6.393534497006748e-05;0.0006377058321768256;0.0005890190718865485;0.00017067203039955459;0.0007598959572031883;-0.0001638499029184004;-0.0010360604317205535
ReachDraw & ReachDrawFrequency;5.361676958042239e-05;0.00010723353916084479;0.0;0.0002680838479021119;0.0;0.0;0.0
NoTargetPieceEndFrequency;5.298051517540481e-05;0.0018133610611621586;0.0024493232876540982;-0.0016216252564041078;0.00018300129657192188;0.0015655259137319355;-0.0023113226656768238
FromToDecisionFriendFrequency;5.254178362800732e-05;0.0015591996822645186;0.0023052273716324123;-0.002033934532477577;0.0005690346023655979;0.0007665903227586091;-0.0013442088461390056
NoTargetPieceWin;4.6560008852075677e-05;0.000898907583793642;-0.0005037920305425159;0.0017649923097858566;-0.0002374280019954711;0.0;-0.0007909722329874913
InitialRandomPlacement;4.573603265635162e-05;0.0007258974410207337;0.0012586623896639892;0.0;0.0;0.0;-0.0010299822263822311
Balance;4.346079234072153e-05;0.0021472695569691547;0.001818621672612597;-0.0016641356160598253;0.003382780706115557;-0.0015329715357287055;-0.0017869912652360154
XiangqiComponent;4.0318641119979624e-05;8.063728223995925e-05;0.00020159320559989813;0.0;0.0;0.0;0.0
XiangqiStyle;4.0024778776132085e-05;0.00036086814002689576;0.0;0.0;0.0006494367609418406;3.652344155241627e-05;-0.0004858363086135964
SlideDecisionToFriend;3.8168141094357956e-05;7.633628218871591e-05;0.00019084070547178977;0.0;0.0;0.0;0.0
SwapPiecesDecision;3.459467890978285e-05;6.918935781956569e-05;0.0;0.00017297339454891425;0.0;0.0;0.0
JanggiStyle;3.448060518883578e-05;6.896121037767156e-05;0.0001724030259441789;0.0;0.0;0.0;0.0
EliminatePiecesWin;2.9196389811059208e-05;0.0009614922206903876;-0.0003595065004025344;0.00041646556694457937;0.001512146907282741;4.217577190740451e-06;-0.0014273416019602303
ShowPieceValue;2.5209005805743034e-05;0.00031430286389033755;0.000613835955493025;-0.00033088948905729554;-1.1301737326996353e-05;-7.983978235406863e-05;-6.575991772594936e-05
SameDirection;2.462124722217296e-05;0.0005062820530584612;-0.00010355547325685555;0.0;0.0009242470054176832;-5.1833282436214434e-05;-0.0006457520136137485
Territory & TerritoryEnd & TerritoryWin;1.9143971301321948e-05;2.9405604788087853e-05;0.0;1.9799629913191952e-05;0.0;7.59202265934178e-05;0.0
HopCapture & HopCaptureFrequency;1.869075867995673e-05;0.002974597165528179;0.0035225306920361743;8.479713008072154e-05;0.00031572685348116303;0.0015776822198498575;-0.005407283102048133
FromToDecisionEnemy;1.8540692360341505e-05;0.0002659950525732193;0.0;-0.00010369704578297445;0.0001901955172771419;-0.0003896690435836736;0.00039587403389121367
SowCCW;1.7277720772479466e-05;0.0005574041813936273;-0.0002617705700704853;8.732307458628186e-05;0.0009724185928486617;1.8419798244739827e-05;-0.0007300022917468008
DiamondShape;1.5231755133165992e-05;0.00019197698881830405;0.0001067143345721;-0.0002627992232966947;-0.00015826238800983883;0.00015229956246790022;0.00023820648993236326
NoOwnPiecesLossFrequency;1.5087014160519718e-05;0.0001428461607092412;0.0002550967853843511;1.4930018926329058e-05;0.0;-0.00019459173350808157;0.0
ShogiStyle;1.4769509676959558e-05;2.9539019353919115e-05;7.384754838479779e-05;0.0;0.0;0.0;0.0
BoardSitesOccupiedMaximum;1.1895444447529436e-05;0.00155020385811708;-0.0012143589947470057;-0.0008752191040210522;0.0030594856457384356;-0.0004352506456423988;-0.00047517967909033176
ScoringLoss;9.334861464932454e-06;3.7104188212845736e-05;4.4465083741729305e-05;0.0;0.0;5.277529061872843e-05;-5.056606703579547e-05
EliminatePiecesLoss & EliminatePiecesLossFrequency;5.589854910248437e-06;0.000402121148601529;0.0001140302013654948;-0.0002052681763496378;-0.0005725464345580633;0.0006512094754337061;4.052420865974238e-05
LoopWin;2.2655647807900968e-06;8.64498948310951e-06;0.0;-7.28180814185686e-06;1.8609632045807345e-05;0.0;0.0
BishopComponent;2.050453600288549e-06;0.00048014942898829554;0.0002788761532272199;-0.0008223159583032602;0.0;0.0006271855094613088;-7.349343638382577e-05
NoTargetPieceWinFrequency;1.7807227286059657e-06;1.906643551373323e-05;3.555442884625726e-05;-2.9753038075508442e-06;0.0;-2.3675511395676585e-05;0.0
Boardless;7.316724069394987e-08;1.4633448138789973e-07;0.0;0.0;3.658362034697493e-07;0.0;0.0
GroupLoss;0.0;0.0;0.0;0.0;0.0;0.0;0.0
AutoMove & LoopLoss & PathExtent & PathExtentEnd & PathExtentLoss & PathExtentWin & SetRotationFrequency;0.0;0.0;0.0;0.0;0.0;0.0;0.0
SetCount;0.0;0.0;0.0;0.0;0.0;0.0;0.0
JanggiComponent;0.0;0.0;0.0;0.0;0.0;0.0;0.0
SpiralShape & SpiralTiling;0.0;0.0;0.0;0.0;0.0;0.0;0.0
Cooperation & Team;0.0;0.0;0.0;0.0;0.0;0.0;0.0
ReachLossFrequency;0.0;0.0;0.0;0.0;0.0;0.0;0.0
LeftwardsDirection & RightwardsDirection;0.0;0.0;0.0;0.0;0.0;0.0;0.0
ShibumiStyle & SquarePyramidalShape;0.0;0.0;0.0;0.0;0.0;0.0;0.0
GroupWin;-3.7747469100457566e-08;2.966402218925083e-07;-5.57666940903534e-07;0.0;3.6892959540124615e-07;0.0;0.0
TurnKo;-1.997898377964491e-06;0.0002814071995218938;0.00043993228331343226;-0.0004499217752032547;0.0;0.0;0.0
Flip;-8.85589177058721e-06;1.1919854457110808e-05;-1.8406141805787923e-05;0.0;1.0404618976944668e-06;-2.760793856734778e-05;6.94159622505186e-07
DiceD6;-8.937341455361737e-06;6.642506475780139e-05;-2.3155935081425882e-05;9.338076624765268e-05;0.0;-0.00011491153844303548;0.0
SquareTiling;-1.1521019669946675e-05;0.0016476626177813801;0.002646530832256716;-0.0017403530372558373;0.0004025245652376497;0.0004227951795516549;-0.0017891026381399167
ComponentStyle;-1.4557797197156663e-05;0.0004897318311451277;0.0009036145254915917;-0.00022406373341637975;4.6971056089833985e-05;-0.0003226261133577879;-0.00047668472079304136
LargePiece;-1.62158885900765e-05;0.0022167848295370374;-0.0002324054423760713;-0.001261012525190064;0.004017549242403218;0.0;-0.002605210717787465
BoardSitesOccupiedMaxDecrease;-1.6295851331749046e-05;0.0017975092886606799;-0.0008383108399147576;0.0003996478996168562;0.0028592108684722672;0.0001612338492100185;-0.0026632610340431295
Dice & NumDice & Roll & RollFrequency;-1.8274113000948945e-05;0.002406028988478757;0.0004432483985518376;0.0029597283382527817;-0.0012638265833002371;0.0017047766292838384;-0.003935297347792965
NumOffDiagonalDirections;-1.9200455095175208e-05;3.840091019035042e-05;0.0;0.0;0.0;-9.600227547587603e-05;0.0
NoMoves & NoMovesEnd;-2.3149477024131392e-05;0.002006989403582172;0.0016599565961978868;-0.003237186685655258;-0.0008146090582194787;0.0024897103199096327;-0.00021361855735343993
NumCentreSites;-2.4759065924651048e-05;0.0014761875622512433;-0.0008742746369442;-0.00019642894703525426;0.002416326710244082;0.0005257555890036403;-0.0019951740448915234
PlayerValue;-2.589795896846825e-05;0.0009410719118975218;0.0009338494042349654;-0.0015136313720401917;0.0007478202606921169;0.000427770419197282;-0.0007252985069265139
RotationalDirection;-2.8007650762057466e-05;5.601530152411493e-05;0.0;0.0;0.0;-0.00014003825381028734;0.0
PassDecisionFrequency;-2.8998777761329864e-05;0.0020832276502572374;-0.002129289216340452;0.0003466978433514234;0.002979455136198461;0.0012358847477813573;-0.002577742399797439
NoMovesEndFrequency;-3.001880622073849e-05;0.0005223217649415064;0.0007955201119964894;-9.770108939585742e-05;0.00020150656050499371;-0.00026493840224797727;-0.0007844812119613409
HopDecisionFriendToFriendFrequency;-3.090616181454231e-05;0.0002054633413075351;0.0;0.0002938580632986243;-0.00034122214312659604;6.932794553438093e-06;-0.00011409952379817789
StarShape;-3.2226484067859885e-05;6.445296813571977e-05;0.0;0.0;0.0;0.0;-0.00016113242033929942
SlideDecisionToEnemy;-4.139308067921399e-05;8.278616135842799e-05;0.0;0.0;-0.00020696540339606995;0.0;0.0
RotationDecision & RotationDecisionFrequency;-4.398980872993286e-05;5.9596054523022914e-05;0.0;-6.969317358004878e-05;-0.0001502558700696155;0.0;0.0
Stochastic;-4.4386149390379656e-05;0.0006422825722075495;-0.0004920609992263847;0.0;0.0010821332230921688;-0.0008120029708176824;0.0
HopDecisionEnemyToEnemyFrequency;-4.4684774248177074e-05;0.00032154657827957703;-0.0001779412407406089;-0.0005783616742501552;1.2660731606078945e-05;0.00037259360743552294;0.00014762470470827682
ScoringDraw;-4.518181301385593e-05;0.00011865458560419048;1.0545368801712085e-05;-0.0002802997008876096;0.0;4.384526701661784e-05;0.0
PieceValue;-4.986175564512529e-05;0.0007621171403435858;-1.2794951544825572e-05;0.0009625782067161082;-0.0013967010468838303;0.00019760901348692128;0.0
ByDieMove;-5.22365740364461e-05;7.863767022462337e-05;-0.0002044960780474836;-4.496256940822452e-06;0.0;-5.219053519392447e-05;0.0
NoBoard;-5.758444838414589e-05;0.00020767339105559276;0.000248821323778875;-0.0001802526956587447;0.0;1.446558512452345e-05;-0.0003709564551653832
VoteEffect;-5.908703108669644e-05;7.05663641958829e-05;0.0;-1.1165446236610643e-05;0.0;-0.0001723436614205487;-0.00011192604777632287
SumDice;-5.990246843004532e-05;0.00019343757201901727;2.434346146884536e-06;-0.0004333208008709122;0.0;0.00013137411257380105;0.0
SowCapture & SowCaptureFrequency;-6.088869533439345e-05;0.0011322116232142152;0.0006659368593618931;-0.001180794669079388;0.0004526675313809292;0.0013546873819293426;-0.001596940580264744
ScoringLossFrequency;-6.165403663664915e-05;0.0001107161211856969;6.67422371858073e-05;1.2410718386618447e-05;-0.00017582998327775323;-0.00021159315547791824;0.0
StrategoComponent;-6.530333507945852e-05;0.00083252366154689;0.0007129743648238152;0.000944874748705804;-0.0004947064652014443;-0.00014009699765948902;-0.0013495623260659784
FillEnd;-7.051079806129623e-05;0.00022930386033821444;-0.0005121437894376191;0.0;0.0;0.0;0.0001595897991311379
SurroundCapture;-7.373429774280571e-05;0.00014723001763926544;0.0;6.8511995175157825e-06;0.0;-7.467777722980351e-06;-0.000368054910508564
ShogiComponent;-7.977981173739046e-05;0.0001709280889083724;2.094778351308113e-06;0.0;2.1518738920756064e-06;-0.00042138402319244483;1.8238312262108813e-05
BackgammonStyle;-8.500667315550214e-05;0.0001634926592824925;-2.3602773627451334e-05;9.81922546627878e-06;0.0;-0.00041124981761633816;0.0
ConcentricTiling;-8.753529223660129e-05;0.0021363639123520885;0.0036155459142863944;-0.0027478118780014105;-0.0004780136354986808;0.000498752601240271;-0.0013261494632095805
Division;-8.91434868032559e-05;0.0004263518155769387;-0.0003392546772253979;0.0006203227182471349;-0.0003035404708754963;0.00015376302335698422;-0.0005770080275195044
HopDecisionEnemyToEnemy;-9.009683893936305e-05;0.00013348008270596564;5.831332751393692e-06;0.0;-0.0002511338798821816;-0.00025345480227853545;4.827315471250815e-05
RaceEnd;-9.36836626097115e-05;0.001441899031538982;0.001960883139909997;-0.0006292956959392249;0.0004500839085415931;0.0001910372678869121;-0.0024411269334478347
NoMovesDrawFrequency;-9.4109477464982e-05;0.00032608680088330977;-0.0002553942497078021;0.0;-0.0005218511599292264;0.00046267027048593756;-0.00015597224817381905
VisitedSites;-0.00010242875788752382;0.00020485751577504764;-0.0005121437894376191;0.0;0.0;0.0;0.0
ScoreDifferenceAverage & ScoreDifferenceChangeAverage & ScoreDifferenceMaxIncrease & ScoreDifferenceMaximum & ScoreDifferenceVariance & Scoring & ScoringEnd & ScoringWin;-0.00010394944941635175;0.0018697156334456925;-0.0008872483404973319;0.0003835404272481968;0.0007067319745842071;0.002452706388248793;-0.003175477696665624
NumStartComponents & NumStartComponentsPerPlayer;-0.00010415341904099207;0.0022878651909948888;0.0019764273392429976;-0.00021772556765189965;0.0026774976995096456;-0.00129158539715174;-0.003665381169153964
PenAndPaperStyle;-0.00010604986671384764;0.0009244675297060128;0.0006622222705935099;-0.0013621305920349935;0.0010586473343951186;6.521728157235507e-05;-0.0009542056280952282
TaflStyle;-0.00010678770992275099;0.001217230187064024;0.0008778499456605082;-0.0025010459936091467;0.00034908909071434957;0.0005177752633437893;0.00022239314427674461
SlideDecisionToEmpty;-0.00010717964552554582;0.0011500753954010563;0.0011985878108905501;-0.0011612242956627605;0.0011649220831962126;-0.00015562681722075533;-0.001582557008830976
FillWin;-0.00011098127405270719;0.0001992095462499996;-4.718606561843197e-05;0.0;0.0;0.0;-0.000507720304645104
VoteDecision;-0.00011933948972326913;0.0004991464115724699;0.0004399267870053847;0.0;-0.00019104320678645093;0.0001811169896830389;-0.0010266980185183183
NumRows;-0.0001194578868859375;0.0027218439610436356;-0.00018684781825967223;-0.0024623406564005246;0.0038364147033961293;0.001819306680577809;-0.003603822343743429
Loop & LoopEnd;-0.00012114403819219466;0.0002680754061079286;0.0;0.0;-0.000107813322116318;0.00013648279201475266;-0.000634389660859408
PromotionDecision;-0.0001250261753501125;0.00017097792548984435;0.0;3.740717283784445e-05;0.0;-0.0002897518748347372;-0.0003727861747536698
FlipFrequency;-0.00012791619705331269;0.00037195006632641253;-0.0003158574529766034;-0.0003295772328272273;-0.0003592604534930488;0.0006123463843300536;-0.0002472322302997376
SetSiteState;-0.00013546829991501475;0.0015868788668623815;0.0011370801635887384;0.002292734794654;-0.0018755788133419105;-0.0008654574637168566;-0.001366120180759045
PieceNumberMaximum;-0.00014063774956631913;0.002101830519246227;-0.0002095442021945726;-0.001029014734575312;0.002903114502341958;0.0010357440335445056;-0.0034034883469481747
NumDirections;-0.00014168097376366374;0.0020151064030291205;0.0014425676534291776;-0.001874671238729031;0.002142227395992624;0.0007005084449350496;-0.003119037124446139
NumLayers;-0.0001474224859539741;0.0017976698561252488;-0.0009612362408450703;-0.0031200351080873934;0.0017627929652237195;0.0015813659539388736;0.0
PiecesPlacedOnBoard;-0.00015041370625042404;0.0007873282538211734;0.0010732444964308696;-0.0001617655402635365;3.917305447043162e-05;-0.00031128373829142353;-0.0013914368035984614
FromToDecisionFriend;-0.00015466926823884953;0.00023790959406186726;4.3361160597166215e-05;6.682068251237516e-05;-0.0003871675385436757;-0.0004963606457601133;0.0
PromotionEffectFrequency;-0.00015753330947642085;0.0009784448607657668;-0.0002455064366536919;0.0007438338448747528;-0.00018060792742832787;0.0007989235897348512;-0.0019043096179096886
MorrisTiling;-0.00015859388685998677;0.00116510469336437;0.00033473936350644773;-0.0017124432934219058;0.0003665524934741704;0.001471153763772437;-0.0012529717616310831
SetCountFrequency;-0.00016054297542529296;0.00022050242668938922;0.0;-0.00042824363032348267;-0.00043061790646442555;5.61466596614435e-05;0.0
PieceRotation & SetRotation;-0.00016321052705539074;0.0017813365783165562;0.0;-0.0034777343958932727;0.0018794299230492917;0.0005729721096021101;0.00020927972796491723
StepDecisionToFriendFrequency;-0.00016846758986536204;0.0017432747749489238;0.000616233331571292;0.001200085979921689;-0.0003630641700528292;0.0011706406502434152;-0.003466233741010377
BranchingFactorChangeMaxDecrease & DecisionFactorMaxDecrease;-0.0001714530556730931;0.003631413824361069;0.0032816671008001064;-0.0022125761314140124;0.0025579961297025056;0.0018699964821589365;-0.0063543488596130016
HopDecisionEnemyToEmpty;-0.00017313142381436553;0.0027679927274492765;0.00014068392120267226;-0.0007251928125186491;0.0029650421596588983;0.0018303627501787267;-0.005076553137593476
BoardSitesOccupiedChangeLineBestFit;-0.00018730187451656554;0.0007480908803754043;0.000653056402116714;-0.0013286493448558534;0.0005704551373484912;-0.0006510680646462375;-0.00018030350254594207
NineMensMorrisBoard;-0.0001881501748958292;0.0012296165626366853;0.0008179505372341023;0.00018182751985157397;0.0005003204014186746;0.00015897544434326227;-0.002599824777326759
Completion & Drawishness;-0.00018879997839885143;0.002858514155215097;0.00311533584910742;-0.005128728527273835;0.000370226150756936;0.0018732441859937443;-0.0011740775505785228
InterveneCapture;-0.00020035285057186104;0.00019229288059408663;-0.0005235465037112808;-2.11037114763446e-05;-0.0002858551575166679;-0.0001712588801550119;0.0
FromToDecisionWithinBoardFrequency;-0.00020429815760434345;0.0017437023470784708;-0.0013618318798798157;0.00042295565180308636;0.0006557383080294799;0.002148275184430476;-0.0028866280524049437
PieceState & SiteState;-0.00020546885351592769;0.0012666980554375987;1.777131276328725e-05;0.0002461318054267081;0.0017984585891990257;-0.0012574372790318256;-0.001832268695936834
Line;-0.00020775698056146874;0.0008069572643061517;-0.0001254818775478228;-0.0007334241768555128;0.0011396039477887254;-4.784122665768553e-05;-0.001271641569535048
LineEnd & LineEndFrequency & LineWin & LineWinFrequency;-0.0002179781054777452;0.0011829841571675368;1.8053626168912373e-05;-0.0018105127883490668;-0.00022062103918238374;0.0017810140525313933;-0.0008578243785575812
Contains;-0.00022279916598792472;0.0011870523845507743;0.0013238604540144194;-0.0018617544748735226;0.0009521605144441891;-0.0007803395504689115;-0.000747922773055798
Start;-0.00022413385323020175;0.0017116356887597352;0.0013365176067229034;2.7933690639914133e-05;0.001221181464546306;-0.00031156377340868513;-0.003394738254651447
BoardSitesOccupiedChangeSign;-0.0002341340635366118;0.0024444928038476485;0.001406082525826191;-0.0025337802970414602;0.001953551055495689;0.0018253257665216405;-0.0038218493684851196
NumConcaveCorners;-0.00023565863931028773;0.0026605649920914036;-0.00023252709693513673;-0.001947013978013612;0.003871560419781317;0.0010864945724164965;-0.003956807113800503
ShowPieceState;-0.0002383104296240779;0.0009433227431696614;0.0008972684297810785;-0.00024331591601153835;0.0;0.00011792324161563617;-0.0019634279035055657
DiceD2;-0.0002435320030929222;0.0004870640061858444;0.0;-0.0012176600154646111;0.0;0.0;0.0
CircleShape & CircleTiling;-0.0002448727711438836;0.0015244685173730415;0.00176742459451526;0.0007631792966850681;0.0002328623636378424;-0.0016714379548311842;-0.0023163921557264044
GroupWinFrequency;-0.00024515357938271196;0.0004121806996742065;-0.0010226146678863623;0.00010286122094249617;0.0;-0.00030601444996969374;0.0
GroupEndFrequency;-0.00024801561321159405;0.00036629597023426553;-0.00017412656405149662;-0.0008683786599943677;0.00021618861096256436;-3.126172396034077e-05;-0.0003824997290143295
HopCaptureMoreThanOneFrequency & HopDecision & HopDecisionEnemyToEmptyFrequency & HopDecisionFrequency & HopDecisionMoreThanOneFrequency;-0.00026458889106124596;0.0017602206863302785;0.00115072150222989;0.0010789333165273363;0.0009153291605379088;-0.0011082102629232926;-0.003359718171678072
Even;-0.00027776265412989275;0.0006285522080221359;-0.00019520740360826072;0.0003269512209993497;0.00029260693240373836;-0.0004132534582155234;-0.0013999105622287678
SurakartaStyle;-0.0003073233506688977;0.0015578565256400424;0.0009167297604059932;7.916650838812878e-05;-0.000701290937893867;0.0012743280040132532;-0.0031055500882579967
BackwardDirection;-0.00031945114064824143;0.0011795349648339015;0.00024274167301080452;0.0011394439183542437;0.0;-0.0005756726054194361;-0.0024037686891868193
ChessComponent;-0.00032005007553754237;0.0005702720503108282;8.541325225780438e-05;-0.001413528219628618;-0.0002936240130263501;0.00016307276010407712;-0.00014158415739462527
ConnectionWin & ConnectionWinFrequency;-0.0003240842581182013;0.0016199817737175954;0.0012323160822822476;-0.0021233671724613934;-5.634184212074955e-05;0.0015857122257353085;-0.0022587405840264196
NumStartComponentsHand & NumStartComponentsHandPerPlayer;-0.0003243899376431214;0.002113509465860803;-0.0004565232538916719;-0.0016308505558875475;0.0033099741378375958;0.00015744130531269995;-0.0030019913215866834
BallComponent;-0.00033602693690176213;0.0022864601242213903;0.0012217856736460864;-0.0017566272940249539;0.0028080572277320304;-0.00018420538772731532;-0.003769144904134658
Then;-0.00038478755069698003;0.001479619023712951;0.000236813632406907;0.0006955016958772042;0.000921552659812308;-0.0006315845237337414;-0.003146221217847578
Arithmetic;-0.00041844042868960374;0.001079039181198745;0.0003224517020015416;-0.002393107871133532;0.00019409349415216992;0.00052669853853754;-0.0007423380070057384
MoveDistanceAverage & MoveDistanceMaximum & MoveDistanceMedian;-0.00042044057013605475;0.0030518049393444646;0.0033266340553379237;-0.0018721050170449338;-0.0005715301103326187;0.0022555843698766342;-0.005240786148517279
SwapPlayersDecisionFrequency;-0.00043340824147133363;0.0011480363785556533;-0.0005737999678518402;0.00117486320947216;-0.00036323263512019754;-2.007407155893426e-05;-0.002384797742297856
ReachWinFrequency;-0.00045255434152349783;0.0016757337058813672;-0.0009162923570658899;-0.0034135056462372415;0.0012368437606572746;0.0010060430150251598;-0.00017586047999679222
PatternEnd & PatternEndFrequency & PatternWin & PatternWinFrequency;-0.0004702811112986871;0.0011572018275938204;0.0;-0.0010830170024501429;-0.0004334583972461781;0.0013278193932635962;-0.002162749550060711
Draw;-0.00048184496235579856;0.0010344674698079678;-0.0002043334191677293;-0.0021661556133710236;0.0005547627650760167;0.0005074967396745955;-0.0011009952839908521
BoardCoverageFull;-0.0005338509796152857;0.002387260766637152;0.001966971498576081;-0.0024394732584961387;0.0021109174691000265;-0.0003697302149330839;-0.003937940392323314
KintsBoard;-0.0005469040261980085;0.0010938080523960171;0.0;-0.0027345201309900424;0.0;0.0;0.0
GroupDraw;-0.0005614278728984067;0.0011228557457968135;0.0;-0.002807139364492034;0.0;0.0;0.0
FortyStonesWithFourGapsBoard;-0.0005614278728984067;0.0011228557457968135;0.0;-0.002807139364492034;0.0;0.0;0.0
AbsoluteDirections & Directions;-0.0005795307725934174;0.0005056338965899577;-0.0009867592081843068;-0.000293644279066696;-0.00026685633418357946;1.076864007909517e-06;-0.001351470905540414
InternalCounter;-0.000583408091819132;0.0014428204623554942;0.0006177589629628166;-0.0034213444877332633;0.0;-0.00014843131068556503;3.497637636035167e-05
StepDecisionToFriend;-0.0005872513971636684;0.0011952319822273463;0.0;0.0009925073605812351;-0.00018235561433410652;-0.0012285708076006374;-0.002517837924464833
RookComponent;-0.0005974165695090295;0.001458181005216502;0.0003666399102866813;-0.0035013858641183837;-2.0228286620738167e-07;0.0001478653891527626;0.0
agent2_exploration_const;-0.0006207744766734801;0.0019486172708273973;-0.00011985132058131565;0.0013635064367732153;-0.00030932338010594695;0.00030356986549737175;-0.004341773984950725
FromToDecisionEmptyFrequency;-0.0006637563434235217;0.001181482348577171;-0.0008097113526171484;0.00011131020542351489;0.0010388868880434055;-0.0012213831432193178;-0.0024378843147480622
Union;-0.0006952528712457995;0.0021520239877224853;0.0018580062592745972;-0.004592605477472339;0.00020392639018801395;4.684306267052629e-05;-0.0009924345908897958
RemoveDecision & RemoveDecisionFrequency;-0.000699980001502415;0.001766503854227309;0.0016405175845429776;-0.002766080916859398;0.001128550448151605;-0.0013633053451652388;-0.0021395817781820203
BoardCoverageUsed;-0.0007042094265014232;0.0030958448512234;0.0016111825533668134;-0.004066386152950574;0.0022521080872390242;0.001557624368480115;-0.004875575988642494
IsEnemy;-0.0007051108891759916;0.0015580788384910648;0.00100343345007059;-0.001089945633026973;-0.0035248656628933672;2.375153518791029e-05;6.207186478188187e-05
SowCW;-0.0007072120073890354;0.0016770523701128586;-0.0011906674885003299;-0.0023510699599594287;0.002032178936130724;0.0002972725891812189;-0.002323774113797361
LineDraw;-0.0007148772327451591;0.0012864637551552934;-0.00045259417413703873;-0.003256855628237215;0.0;0.0;0.00013506363864845827
RemoveEffectFrequency;-0.0007237493115655136;0.0021098860742420223;0.002027513037653056;-0.0019029891266390542;-0.0006355023538498761;0.0008866087469774631;-0.003994376861969157
Region;-0.0007614222832437123;0.0022163248319419992;0.0019827597208006142;-0.004118640782513172;0.001269403487595272;-0.0009091969010329715;-0.002031436941068304
EliminatePiecesWinFrequency;-0.0007778095674433993;0.0009257771763382426;-0.0010649827400686651;-0.0013376345837506076;-0.00028853204198101;0.0007400933117347186;-0.0019379917831514326
StateTreeComplexity;-0.0007802777147486118;0.0028457478347110794;0.0012121404937777414;-0.003339850656106258;0.002212869468387585;-0.00499898600109655;0.0010124381212944233
EliminatePiecesEnd;-0.0008259093884977365;0.0010667290626099643;-0.0001311265206115908;-0.0026243151120697583;0.00041366228676228967;-0.00043193731538868074;-0.001355830281180942
AddDecision & AddDecisionFrequency;-0.0008529233701745576;0.0023619827749498746;-0.00033764189233739805;-0.0017026330758173613;0.00230615007014745;0.0002782001376898102;-0.004808692090555289
CaptureEnd;-0.000857103996588332;0.0017299898080571678;-0.0012534539389550958;-0.003963315791974398;0.000907302065548371;-0.000505209567667142;0.0005291572501066044
SurroundCaptureFrequency;-0.0008762543626451291;0.003359940426153115;-0.0008620679165139422;-0.007109847888043447;0.002855908178136135;0.0008992884426854142;-0.00016455262948980587
ShootDecision & ShootDecisionFrequency;-0.0008794690093556102;0.0014731054007564152;0.0009169362141948634;-0.0034614628078211973;0.0;-0.000627610465055578;-0.0012252079880961386
KingComponent;-0.0008815970756337;0.0009140681462688982;-0.00030489880142922643;-0.0021942083393098333;3.475697265251099e-05;-0.00017617653601115224;-0.0017674586740707987
Track;-0.0008884738171465678;0.0010022361215303876;-0.0002456955665335603;-0.0023251783458309305;0.0;0.0;-0.0018714951733683483
GameTreeComplexity;-0.0009665748586786371;0.003394813292554039;0.0038437439997711376;-0.0049292169994074875;0.0012831250522815085;-0.0004029107495648887;-0.0046276155964734556
NumStartComponentsBoard & NumStartComponentsBoardPerPlayer;-0.0009992742460388725;0.0018676029663865906;-0.0019934264180374583;-0.003948274842364985;0.0016216613388469192;-0.00026290390491273685;-0.0004134274037261021
AnimalComponent;-0.0010110616307489884;0.002889374470760279;0.0015024555534616235;-0.006417376061270602;0.001386442880523947;-0.00035984713010178693;-0.0011669833963581233
DecisionFactorChangeNumTimes;-0.001030647131722673;0.002206345245838332;-0.001001457912152115;-0.0032158558735499165;0.0021474446987822804;0.0005726988790542564;-0.0036560654507478696
NumCells;-0.0010676895477499504;0.0014010603258326638;-0.0014599413924087923;-0.0020452582795170704;-0.0012038265653402935;0.0016285932171307693;-0.002258014718614365
NumLeftSites & NumRightSites;-0.0010916042833433836;0.0028221143322267176;0.0004909883222120603;-0.0029059398092390887;0.002191787579364779;0.00043120134826354906;-0.005666058857318218
TrackLoop;-0.0010957394296356004;0.0022237184925911714;-0.0005121437894376191;-0.0030216859998560552;0.0021434692468099426;3.1785295453445883e-06;-0.004091515135239615
ThreeMensMorrisBoard;-0.0011159202879932994;0.0024296106918809545;-0.0032426507800754345;-1.7069688765247726e-07;0.002177220180131778;1.2169440251647012e-05;-0.004526169583386835
MoveDistanceChangeLineBestFit;-0.0012268792421321617;0.0018142656689574186;-0.00046377922527546245;-0.004014032145482377;-0.0003609104417608422;0.0011806560750382555;-0.0024763304731803826
SlideDecisionToEnemyFrequency;-0.0013411683889607395;0.001986092919673137;0.001330121849602045;-0.0020900059031748464;-0.0009712984416835047;-0.0003353421698352732;-0.0046393172797121185
BoardSitesOccupiedChangeNumTimes & PieceNumberChangeNumTimes;-0.0013708714789985367;0.0018011670286545445;-0.0012778292211485798;-0.003009434232786934;0.0011275527963860998;8.286676974611495e-07;-0.00369547540514073
Subtraction;-0.0014448856522849718;0.00316946038925069;-0.0002421830348969256;-0.002067186668784471;0.000438236117637103;0.0018957165123613395;-0.007249011187741905
NumPlayPhase & Phase;-0.0014470393016811356;0.0027334163955493786;-0.0002994024095717973;-0.004682602584244772;0.0016592620138963232;0.0008190420658409914;-0.004731495594326424
FromToDecisionBetweenContainersFrequency;-0.0016770767221309102;0.001609692526187832;-0.00027611139623420766;-0.004313975509557061;3.4980731964062706e-05;-0.0012097582074268587;-0.0026205192294004864
DurationActions;-0.0018410580406417244;0.004120021022730944;-0.00027177190703706056;-0.002544632829694443;0.0042511110152720355;-0.0021110563555808703;-0.008528940126168283
NumEdges & NumVertices;-0.0018423886348319374;0.0021172938397717024;-0.0010026467259113547;-0.002569261056550254;8.552636487385579e-06;-1.1208866864870215e-05;-0.005637379161320594
DrawFrequency;-0.002207991091914885;0.0036547571226095334;-0.00013852506398659425;-0.004815847786478922;-0.0014518725085516104;0.002932298401051636;-0.007566008501608934
